,variable,relative_importance,scaled_importance,percentage
0,CIR018,1.0,1.0,0.006301423725166044
1,ESA005,0.7523199915885925,0.7523199915885925,0.004740687043913076
2,GEN002,0.7196832895278931,0.7196832895278931,0.004535029355236609
3,INF002,0.6232200860977173,0.6232200860977173,0.0039271738365361806
4,SYM003,0.6174768209457397,0.6174768209457397,0.0038909830892475896
5,NVS020,0.5944210290908813,0.5944210290908813,0.003745698775450895
6,NEO070,0.5672855973243713,0.5672855973243713,0.0035747069219247843
7,DIG018,0.5502912402153015,0.5502912402153015,0.0034676182768437476
8,CIR007,0.5048689246177673,0.5048689246177673,0.003181393019685466
9,ESA004,0.4816965162754059,0.4816965162754059,0.003035373855987674
10,RSP010,0.4741719961166382,0.4741719961166382,0.002987958666138725
11,END011,0.4673945903778076,0.4673945903778076,0.0029452513608209815
12,HEP005,0.45962730050086975,0.45962730050086975,0.0028963063761102033
13,HEP008,0.45950740575790405,0.45950740575790405,0.0028955508685323565
14,ADM006,0.4547623097896576,0.4547623097896576,0.002865650008219859
15,END010,0.4510747492313385,0.4510747492313385,0.00284241312662968
16,NVS013,0.44223690032958984,0.44223690032958984,0.0027867220958807683
17,HEP001,0.44167155027389526,0.44167155027389526,0.002783159585626791
18,DIG004,0.43401899933815,0.43401899933815,0.002734937619602244
19,HEP002,0.42547252774238586,0.42547252774238586,0.002681082680722238
20,SYM016,0.4169307053089142,0.4169307053089142,0.0026272570381838042
21,FAC025,0.4061119258403778,0.4061119258403778,0.0025590833245634297
22,CAR024,0.3972088098526001,0.3972088098526001,0.002502981018250142
23,age,0.39340969920158386,0.39340969920158386,0.0024790412122592973
24,SYM006,0.39032307267189026,0.39032307267189026,0.002459591070614359
25,XXX000,0.39000222086906433,0.39000222086906433,0.0024575692474517697
26,BLD003,0.3890454173088074,0.3890454173088074,0.002451540022796843
27,female,0.3857448101043701,0.3857448101043701,0.0024307414982513483
28,END008,0.3847429156303406,0.3847429156303406,0.0024244281366425854
29,BLD006,0.38361597061157227,0.38361597061157227,0.0024173267785643614
30,DIG025,0.3835016191005707,0.3835016191005707,0.0024166062012399275
31,END016,0.380393922328949,0.380393922328949,0.0023970232870726086
32,CIR031,0.3694259822368622,0.3694259822368622,0.0023279096491601327
33,END003,0.36810174584388733,0.36810174584388733,0.0023195650745357127
34,race0.0,0.3673219382762909,0.3673219382762909,0.0023146511766281965
35,END002,0.36686691641807556,0.36686691641807556,0.0023117838910953693
36,GIS006,0.36236611008644104,0.36236611008644104,0.00228342240329483
37,SYM017,0.36112067103385925,0.36112067103385925,0.0022755743641006427
38,GIS004,0.3583934009075165,0.3583934009075165,0.00225838867942157
39,HEP010,0.357664555311203,0.357664555311203,0.0022537959144889774
40,GEN004,0.35701438784599304,0.35701438784599304,0.0022496989337983725
41,SYM008,0.3564617335796356,0.3564617335796356,0.0022462164250925333
42,RSP002,0.34870481491088867,0.34870481491088867,0.0021973367937591077
43,ADM001,0.3476434648036957,0.3476434648036957,0.0021906487770129344
44,DIG006,0.3455750048160553,0.3455750048160553,0.0021776145341722607
45,GIS027,0.3448485732078552,0.3448485732078552,0.0021730369808016384
46,MAM002,0.3441580533981323,0.3441580533981323,0.0021686857228899532
47,race3.0,0.34414225816726685,0.34414225816726685,0.002168586190447433
48,DIG021,0.3422272503376007,0.3422272503376007,0.002156518914675696
49,INJ037,0.33560022711753845,0.33560022711753845,0.0021147592333295696
50,DIG012,0.33387473225593567,0.33387473225593567,0.0021038861590710134
51,SYM002,0.3304004967212677,0.3304004967212677,0.002081993528846042
52,CIR033,0.32961931824684143,0.32961931824684143,0.002077070992273703
53,DIG017,0.3282313346862793,0.3282313346862793,0.0020683247197350366
54,DIG020,0.32775792479515076,0.32775792479515076,0.002065341563415351
55,IMG008,0.3264486491680145,0.3264486491680145,0.002057091262915733
56,SYM010,0.32522162795066833,0.32522162795066833,0.0020493592823054656
57,END001,0.3240039646625519,0.3240039646625519,0.002041686269972465
58,CIR013,0.3224097490310669,0.3224097490310669,0.002031640441769195
59,SYM004,0.3210636079311371,0.3210636079311371,0.002023157836304676
60,CIR019,0.3210228383541107,0.3210228383541107,0.0020229009299247373
61,CIR021,0.3201909065246582,0.3201909065246582,0.0020176585749569044
62,MBD002,0.31519395112991333,0.31519395112991333,0.0019861706416788626
63,DIG008,0.3140482008457184,0.3140482008457184,0.0019789507836549206
64,MST025,0.3117685914039612,0.3117685914039612,0.0019645859986345193
65,SKN002,0.31018567085266113,0.31018567085266113,0.001954611345517504
66,CIR017,0.30944523215293884,0.30944523215293884,0.0019499455275280432
67,CIR011,0.3091793358325958,0.3091793358325958,0.0019482700021465993
68,race1.0,0.30817630887031555,0.30817630887031555,0.001941949504249505
69,NEO059,0.3066827356815338,0.3066827356815338,0.001932537866722444
70,GIS001,0.30543774366378784,0.30543774366378784,0.0019246926444841772
71,RES004,0.30231449007987976,0.30231449007987976,0.001905011700250829
72,SKN001,0.30071544647216797,0.30071544647216797,0.0018949354489236187
73,INJ007,0.29734018445014954,0.29734018445014954,0.00187366649273942
74,CNS011,0.296447217464447,0.296447217464447,0.001868039529389924
75,END007,0.29635411500930786,0.29635411500930786,0.001867452851370239
76,CIR020,0.2958708107471466,0.2958708107471466,0.0018644073464261822
77,RSP011,0.2955996096134186,0.2955996096134186,0.0018626983931678163
78,SYM011,0.2955695688724518,0.2955695688724518,0.0018625090937299668
79,SYM012,0.29479384422302246,0.29479384422302246,0.0018576209240198567
80,ESA002,0.2944677770137787,0.2944677770137787,0.0018555662363715292
81,FRS002,0.29379695653915405,0.29379695653915405,0.0018513391123174024
82,INJ020,0.29358139634132385,0.29358139634132385,0.0018499807761725936
83,GEN012,0.2932923436164856,0.2932923436164856,0.001848159332474474
84,IMG004,0.2931815981864929,0.2931815981864929,0.0018474614785944645
85,ADM002,0.2927532494068146,0.2927532494068146,0.0018447622714315535
86,GIS016,0.2921733856201172,0.2921733856201172,0.0018411083040086938
87,END009,0.29192158579826355,0.29192158579826355,0.0018395216066372727
88,MUS006,0.2912672162055969,0.2912672162055969,0.0018353981465610162
89,DIG005,0.2909814715385437,0.2909814715385437,0.0018335975483367072
90,DIG013,0.2908551096916199,0.2908551096916199,0.0018328012887965455
91,NVS016,0.2906479835510254,0.2906479835510254,0.0018314960992201015
92,ENT017,0.28828102350234985,0.28828102350234985,0.0018165808810128572
93,NEO002,0.2881428897380829,0.2881428897380829,0.0018157104416334589
94,DIG019,0.28772830963134766,0.28772830963134766,0.0018130979967128957
95,MST024,0.28719043731689453,0.28719043731689453,0.0018097086353494908
96,NVS007,0.28718051314353943,0.28718051314353943,0.0018096460989280583
97,MST014,0.2870303690433502,0.2870303690433502,0.0018086999773329322
98,BLD007,0.28675511479377747,0.28675511479377747,0.0018069654836742218
99,CNS001,0.28674080967903137,0.28674080967903137,0.0018068753410847695
100,ENP001,0.28607478737831116,0.28607478737831116,0.0018026784523575215
101,MAM009,0.28587806224823,0.28587806224823,0.0018014388039554916
102,BLD004,0.2858124077320099,0.2858124077320099,0.001801025087029318
103,MAM015,0.28577765822410583,0.28577765822410583,0.0018008061156557734
104,NCM002,0.28498971462249756,0.28498971462249756,0.0017958409491505064
105,NEO025,0.2847830057144165,0.2847830057144165,0.001794538388732921
106,RSP009,0.2844228744506836,0.2844228744506836,0.0017922690490434607
107,INJ001,0.28417500853538513,0.28417500853538513,0.0017907071408841389
108,DIG001,0.28401654958724976,0.28401654958724976,0.0017897086239088938
109,NEO010,0.28367456793785095,0.28367456793785095,0.0017875536526298008
110,CNS008,0.2836340367794037,0.2836340367794037,0.0017872982486263527
111,NEO035,0.28257250785827637,0.28257250785827637,0.0017806091050978112
112,MST008,0.2818235456943512,0.2818235456943512,0.0017758895771488013
113,CIR028,0.2816028296947479,0.2816028296947479,0.0017744987521123776
114,GEN003,0.2814498543739319,0.2814498543739319,0.0017735347897964225
115,DIG007,0.2808709144592285,0.2808709144592285,0.001769886644082465
116,MST017,0.2807784974575043,0.2807784974575043,0.0017693042853951912
117,MAL009,0.28046852350234985,0.28046852350234985,0.0017673510081599975
118,BLD001,0.27987200021743774,0.27987200021743774,0.0017635920621798383
119,NEO032,0.2796459197998047,0.2796459197998047,0.00176216743367237
120,NVS019,0.2793319523334503,0.2793319523334503,0.0017601889916309542
121,NVS015,0.27918073534965515,0.27918073534965515,0.0017592361093416195
122,CIR026,0.2779133915901184,0.2779133915901184,0.0017512500393073334
123,INJ030,0.27716803550720215,0.27716803550720215,0.001746553234802748
124,NEO044,0.27607956528663635,0.27607956528663635,0.0017396943227307381
125,MST012,0.27552932500839233,0.27552932500839233,0.0017362270255868691
126,race4.0,0.27520039677619934,0.27520039677619934,0.0017341543094206513
127,INJ045,0.2747214436531067,0.2747214436531067,0.001731136222847553
128,EST004,0.2744092643260956,0.2744092643260956,0.0017291690486298187
129,ENT003,0.27434980869293213,0.27434980869293213,0.0017287943934924078
130,DIG016,0.274298757314682,0.274298757314682,0.0017284726971263
131,MUS010,0.27382877469062805,0.27382877469062805,0.0017255111374686707
132,ADM014,0.27351880073547363,0.27351880073547363,0.001723557860233477
133,MAL008,0.2731185555458069,0.2731185555458069,0.0017210357456994274
134,DIG024,0.2719162106513977,0.2719162106513977,0.0017134592610559651
135,HEP006,0.2719004452228546,0.2719004452228546,0.0017133599164105063
136,RES005,0.27170708775520325,0.27170708775520325,0.00171214148907641
137,NEO074,0.2716068625450134,0.2716068625450134,0.00171150992755906
138,DIG002,0.2714499235153198,0.2714499235153198,0.0017105209882339444
139,SKB010,0.2712744474411011,0.2712744474411011,0.0017094152391366633
140,MUS001,0.2705553472042084,0.2705553472042084,0.001704883883843135
141,MAM004,0.270521342754364,0.270521342754364,0.0017046696073961247
142,CAR016,0.27047738432884216,0.27047738432884216,0.0017043926067306203
143,URN001,0.2698468267917633,0.2698468267917633,0.0017004191965063894
144,CNS004,0.26967892050743103,0.26967892050743103,0.0016993611478626934
145,SYM001,0.2694641947746277,0.2694641947746277,0.0016980080700356027
146,SKB008,0.26936593651771545,0.26936593651771545,0.0016973889031243025
147,ENP004,0.26904967427253723,0.26904967427253723,0.0016953960007091622
148,INJ016,0.26896342635154724,0.26896342635154724,0.0016948525160135897
149,MUS037,0.26853328943252563,0.26853328943252563,0.0016921420410269971
150,URN004,0.26845866441726685,0.26845866441726685,0.0016916717971853545
151,LYM001,0.2676745653152466,0.2676745653152466,0.0016867308565010027
152,HEP009,0.2676684260368347,0.2676684260368347,0.0016866921703063626
153,MST004,0.26762452721595764,0.26762452721595764,0.001686415545234981
154,FAC008,0.2672311067581177,0.2672311067581177,0.0016839364362279826
155,INJ039,0.26695677638053894,0.26695677638053894,0.0016822077642781742
156,URN009,0.2668125033378601,0.2668125033378601,0.001681298638704136
157,FRS001,0.2666916847229004,0.2666916847229004,0.001680537309417387
158,GIS013,0.2665899395942688,0.2665899395942688,0.0016798961702499079
159,CAR006,0.2662673890590668,0.2662673890590668,0.0016778636426548208
160,NEO063,0.26621365547180176,0.26621365547180176,0.0016775250445531908
161,MAM013,0.2661605477333069,0.2661605477333069,0.0016771903901898492
162,MRS004,0.2660878896713257,0.2660878896713257,0.0016767325409542564
163,GNR005,0.2660532593727112,0.2660532593727112,0.0016765143207689574
164,GEN022,0.26604002714157104,0.26604002714157104,0.001676430938873714
165,INJ023,0.2659139931201935,0.2659139931201935,0.0016756367451012273
166,SKN003,0.26587748527526855,0.26587748527526855,0.0016754066937010627
167,CAR026,0.265752911567688,0.265752911567688,0.0016746217019845827
168,SYM007,0.2653948962688446,0.2653948962688446,0.0016723656958864785
169,CNS013,0.2648395299911499,0.2648395299911499,0.001668866097648056
170,ADM017,0.26450076699256897,0.26450076699256897,0.0016667314084515897
171,MBD010,0.26446568965911865,0.26446568965911865,0.0016665103713103704
172,MST030,0.26431959867477417,0.26431959867477417,0.0016655897901155891
173,MST018,0.2637496292591095,0.2637496292591095,0.0016619981713171007
174,ADM013,0.26369234919548035,0.26369234919548035,0.0016616372253651691
175,ADM012,0.2636401951313019,0.2636401951313019,0.001661308580507791
176,NEO029,0.263546884059906,0.263546884059906,0.0016607205879086765
177,MBD005,0.2635074555873871,0.2635074555873871,0.0016604721323964986
178,CAR007,0.2634942829608917,0.2634942829608917,0.001660389126095378
179,INF001,0.2634229362010956,0.2634229362010956,0.001659939539930485
180,MUS015,0.2633618116378784,0.2633618116378784,0.0016595543681576378
181,PNS006,0.2629944086074829,0.2629944086074829,0.0016572392059852057
182,MBD024,0.2626807689666748,0.2626807689666748,0.001655262829711465
183,CAR003,0.2626786530017853,0.2626786530017853,0.0016552494961201084
184,NVS021,0.2625387907028198,0.2625387907028198,0.0016543681645111513
185,OST001,0.26239123940467834,0.26239123940467834,0.0016534383812603635
186,ENT013,0.2623758316040039,0.2623758316040039,0.001653341290179641
187,GIS005,0.26237112283706665,0.26237112283706665,0.0016533116182439462
188,RAD002,0.2623279392719269,0.2623279392719269,0.0016530395003020372
189,NEO024,0.26224079728126526,0.26224079728126526,0.0016524903816946238
190,RSP001,0.26215869188308716,0.26215869188308716,0.0016519730007905802
191,MUS020,0.26162663102149963,0.26162663102149963,0.0016486202598541403
192,ESA006,0.26109546422958374,0.26109546422958374,0.0016452731528295412
193,CAR002,0.26084086298942566,0.26084086298942566,0.0016436688025343524
194,GEN019,0.2607421576976776,0.2607421576976776,0.0016430468186671317
195,FRS010,0.26047319173812866,0.26047319173812866,0.001641351950188368
196,MST019,0.26043736934661865,0.26043736934661865,0.0016411262181206146
197,NEO069,0.2603074014186859,0.2603074014186859,0.0016403072351360284
198,FRS004,0.2602904438972473,0.2602904438972473,0.0016402003786081154
199,CAR022,0.25998812913894653,0.25998812913894653,0.0016382953652176908
200,MBD013,0.2599695324897766,0.2599695324897766,0.001638178179851403
201,GEN013,0.25975680351257324,0.25975680351257324,0.0016368376844274233
202,MBD017,0.25971394777297974,0.25971394777297974,0.0016365676322531893
203,MUS011,0.25949084758758545,0.25949084758758545,0.0016351617834518568
204,NEO060,0.2593921720981598,0.2593921720981598,0.0016345399873816976
205,FAC014,0.2592986822128296,0.2592986822128296,0.0016339508680002148
206,MST023,0.2591574192047119,0.2591574192047119,0.0016330607099293737
207,CAR029,0.2590881288051605,0.2590881288051605,0.0016326240817617144
208,DIG022,0.25902363657951355,0.25902363657951355,0.0016322176889209338
209,EYE004,0.2589956521987915,0.2589956521987915,0.0016320413474803178
210,CIR016,0.2588857114315033,0.2588857114315033,0.001631348564120965
211,NVS014,0.25885748863220215,0.25885748863220215,0.0016311707203038582
212,INF004,0.2583291530609131,0.2583291530609131,0.001627841454000088
213,OTR002,0.25821980834007263,0.25821980834007263,0.0016271524265819624
214,MRS003,0.2581976652145386,0.2581976652145386,0.0016270128933653727
215,INJ047,0.25816023349761963,0.25816023349761963,0.001626777020256306
216,INJ005,0.25811630487442017,0.25811630487442017,0.001626500207387863
217,MUS012,0.2580731511116028,0.2580731511116028,0.0016262282772430154
218,GNR006,0.2580556571483612,0.2580556571483612,0.0016261180403679978
219,URN010,0.2578586935997009,0.2578586935997009,0.0016248768895894769
220,RES009,0.2578192949295044,0.2578192949295044,0.0016246286218743605
221,GIS012,0.2577245235443115,0.2577245235443115,0.0016240314272192393
222,EYE003,0.2574458718299866,0.2574458718299866,0.0016222755246955338
223,ESA008,0.2573944926261902,0.2573944926261902,0.001621951762561751
224,RSP008,0.25726833939552307,0.25726833939552307,0.0016211568176010191
225,INJ024,0.25722092390060425,0.25722092390060425,0.0016208580324763972
226,END015,0.25708386301994324,0.25708386301994324,0.0016199943537912077
227,ADM003,0.2570231854915619,0.2570231854915619,0.001619611998974281
228,NEO027,0.2569253146648407,0.2569253146648407,0.0016189952734247785
229,PLC001,0.2569074332714081,0.2569074332714081,0.0016188825951879632
230,HEP003,0.2562848627567291,0.2562848627567291,0.0016149595145761764
231,MBD011,0.2561868131160736,0.2561868131160736,0.0016143416622443057
232,EYE006,0.25575900077819824,0.25575900077819824,0.001611645835428499
233,CIR009,0.25568968057632446,0.25568968057632446,0.0016112090194637784
234,NEO072,0.2556648850440979,0.2556648850440979,0.0016110527723087278
235,NEO023,0.25564417243003845,0.25564417243003845,0.0016109222533510833
236,CIR027,0.25538405776023865,0.25538405776023865,0.0016092831605995432
237,CNS010,0.25519993901252747,0.25519993901252747,0.001608122950354468
238,INJ036,0.2551030218601227,0.2551030218601227,0.001607512234310929
239,FAC004,0.2548561692237854,0.2548561692237854,0.0016059567112516934
240,CAR025,0.25481122732162476,0.25481122732162476,0.0016056735132831642
241,FAC009,0.2545808255672455,0.2545808255672455,0.001604221654201799
242,CIR030,0.25448739528656006,0.25448739528656006,0.0016036329104144387
243,MST022,0.25425583124160767,0.25425583124160767,0.0016021737272476804
244,FRS003,0.2541716992855072,0.2541716992855072,0.0016016435761434644
245,NEO016,0.25416094064712524,0.25416094064712524,0.0016015757814043137
246,IMG002,0.25411778688430786,0.25411778688430786,0.001601303851259466
247,GIS028,0.2540261745452881,0.2540261745452881,0.0016007265630928488
248,NCM001,0.2538272738456726,0.2538272738456726,0.0015994732055053399
249,INJ006,0.2534140646457672,0.2534140646457672,0.001596869399249599
250,ESA007,0.25325971841812134,0.25325971841812134,0.0015958967982688216
251,SKN005,0.2531306743621826,0.2531306743621826,0.0015950836369931377
252,INJ028,0.2531224191188812,0.2531224191188812,0.001595031617207141
253,NEO008,0.2530895471572876,0.2530895471572876,0.0015948244770484623
254,CIR012,0.2529606521129608,0.2529606521129608,0.0015940122547580852
255,INJ050,0.2527705729007721,0.2527705729007721,0.0015928144851007383
256,ESA001,0.2525503635406494,0.2525503635406494,0.0015914268526143578
257,BLD005,0.2520594298839569,0.2520594298839569,0.001588333271622593
258,NVS009,0.251834899187088,0.251834899187088,0.0015869184085623152
259,CNS005,0.2518029510974884,0.2518029510974884,0.0015867170901125386
260,END012,0.2516421675682068,0.2516421675682068,0.0015857039249665074
261,MUS030,0.2513560652732849,0.2513560652732849,0.0015839010731774623
262,MBD006,0.25123652815818787,0.25123652815818787,0.0015831478191643518
263,INJ054,0.2509932219982147,0.2509932219982147,0.0015816146439554181
264,GIS007,0.25082123279571533,0.25082123279571533,0.001580530867114316
265,GEN021,0.2507985830307007,0.2507985830307007,0.0015803881413476832
266,MST015,0.25070250034332275,0.25070250034332275,0.0015797826836218623
267,INJ012,0.2506764531135559,0.2506764531135559,0.0015796185489902346
268,MAM003,0.25051000714302063,0.25051000714302063,0.0015785697024025454
269,INJ043,0.25037720799446106,0.25037720799446106,0.0015777328786971301
270,GIS003,0.2502826452255249,0.2502826452255249,0.0015771369986214384
271,NVS002,0.2502572238445282,0.2502572238445282,0.0015769768077280994
272,PNS002,0.25022467970848083,0.25022467970848083,0.0015767717333370955
273,MST013,0.2499983161687851,0.2499983161687851,0.0015753453207575441
274,NEO045,0.24990716576576233,0.24990716576576233,0.001574770943445378
275,CAR023,0.24987836182117462,0.24987836182117462,0.0015745894375855747
276,SKB002,0.24974896013736725,0.24974896013736725,0.0015737740227451545
277,SKB001,0.24956649541854858,0.24956649541854858,0.0015726242352369847
278,MST016,0.24944815039634705,0.24944815039634705,0.0015718784931063289
279,CAR014,0.24910905957221985,0.24910905957221985,0.0015697417381421875
280,EYE001,0.24896861612796783,0.24896861612796783,0.0015688567444905339
281,NEO031,0.24896714091300964,0.24896714091300964,0.0015688474485359965
282,MUS032,0.2488054782152176,0.2488054782152176,0.0015678287433766554
283,CAR009,0.2482898086309433,0.2482898086309433,0.0015645792908239628
284,INJ041,0.24823716282844543,0.24823716282844543,0.0015642475473150723
285,CAR020,0.24814669787883759,0.24814669787883759,0.0015636774893353176
286,ENT001,0.24784599244594574,0.24784599244594574,0.0015617826169862065
287,CAR015,0.2477472871541977,0.2477472871541977,0.001561160633118986
288,SKB007,0.24764780700206757,0.24764780700206757,0.0015605337665281702
289,RSP007,0.2474784404039383,0.2474784404039383,0.0015594665158284676
290,LYM005,0.2474192976951599,0.2474192976951599,0.001559093832560201
291,GEN017,0.2473469227552414,0.2473469227552414,0.001558637767396691
292,INJ040,0.2472904920578003,0.2472904920578003,0.001558282173661008
293,CIR022,0.24721185863018036,0.24721185863018036,0.0015577866711146125
294,MST001,0.2471645027399063,0.2471645027399063,0.0015574882615841132
295,CNS014,0.2471570521593094,0.2471570521593094,0.0015574413123187736
296,CIR002,0.24709150195121765,0.24709150195121765,0.0015570282526823148
297,INJ027,0.24703043699264526,0.24703043699264526,0.0015566434565035905
298,NVS022,0.24691113829612732,0.24691113829612732,0.0015558917048669708
299,MST011,0.24690388143062592,0.24690388143062592,0.00155584597628253
300,RES012,0.24681749939918518,0.24681749939918518,0.0015553016465001813
301,LYM006,0.2467527985572815,0.2467527985572815,0.0015548939390799712
302,NEO021,0.24668753147125244,0.24668753147125244,0.0015544826635155952
303,MST005,0.2466188669204712,0.2466188669204712,0.0015540499790862245
304,RSP006,0.24656324088573456,0.24656324088573456,0.001553699455871198
305,INJ009,0.24641883373260498,0.24641883373260498,0.0015527894852103838
306,HEP004,0.2461092621088028,0.2461092621088028,0.0015508387432355184
307,MST006,0.24604633450508118,0.24604633450508118,0.0015504422097404591
308,BLD008,0.24583977460861206,0.24583977460861206,0.0015491405883081809
309,SKN006,0.24572275578975677,0.24572275578975677,0.0015484032031467551
310,ENT006,0.24569013714790344,0.24569013714790344,0.001548197659263098
311,INJ031,0.24549581110477448,0.24549581110477448,0.0015469731285245073
312,NVS018,0.2453111857175827,0.2453111857175827,0.0015458097257293891
313,FAC021,0.24530993402004242,0.24530993402004242,0.001545801838252812
314,MBD012,0.24500422179698944,0.24500422179698944,0.0015438754159973929
315,NEO073,0.24484620988368988,0.24484620988368988,0.001542879715978068
316,SKB009,0.244800865650177,0.244800865650177,0.0015425939827492107
317,CIR014,0.244609072804451,0.244609072804451,0.0015413854147608356
318,CIR039,0.24452835321426392,0.24452835321426392,0.001540876766420145
319,RHB001,0.24417878687381744,0.24417878687381744,0.0015386740007889363
320,RES011,0.24416665732860565,0.24416665732860565,0.001538597567384963
321,HEP013,0.24395529925823212,0.24395529925823212,0.0015372657106258061
322,MUS017,0.2439284324645996,0.2439284324645996,0.001537096411574991
323,INJ017,0.24384891986846924,0.24384891986846924,0.0015365953690152855
324,INJ025,0.243703693151474,0.243703693151474,0.0015356802339352837
325,NEO067,0.24347496032714844,0.24347496032714844,0.0015342388914893544
326,NEO066,0.24326889216899872,0.24326889216899872,0.0015329403687085886
327,RES010,0.24325236678123474,0.24325236678123474,0.001532836235238065
328,SYM014,0.24304334819316864,0.24304334819316864,0.0015315191205482247
329,EAR002,0.24291551113128662,0.24291551113128662,0.0015307135650535256
330,NVS008,0.24265344440937042,0.24265344440937042,0.0015290621715944666
331,EYE007,0.24250470101833344,0.24250470101833344,0.0015281248764612244
332,FAC003,0.24232250452041626,0.24232250452041626,0.001526976779126607
333,GEN026,0.24210700392723083,0.24210700392723083,0.0015256188185759209
334,CAR008,0.2420404702425003,0.2420404702425003,0.0015251995616364373
335,NEO050,0.24188975989818573,0.24188975989818573,0.0015242498718971455
336,EYE009,0.24173268675804138,0.24173268675804138,0.0015232600874852534
337,INJ076,0.241615429520607,0.241615429520607,0.001522521199947337
338,FAC016,0.24159778654575348,0.24159778654575348,0.0015224100240870126
339,MAL010,0.24159234762191772,0.24159234762191772,0.0015223757511233147
340,MUS007,0.24146531522274017,0.24146531522274017,0.0015215752661492724
341,NEO062,0.24132747948169708,0.24132747948169708,0.0015207067047404877
342,NEO056,0.24132002890110016,0.24132002890110016,0.0015206597554751479
343,CIR015,0.24103286862373352,0.24103286862373352,0.0015188502368904246
344,BLD010,0.240945503115654,0.240945503115654,0.001518299709805051
345,MUS038,0.24087269604206085,0.24087269604206085,0.0015178409215841513
346,GNR003,0.2408573478460312,0.2408573478460312,0.0015177442060975515
347,ADM021,0.24056829512119293,0.24056829512119293,0.0015159227623994318
348,ADM004,0.24042677879333496,0.24042677879333496,0.0015150310080535691
349,NVS010,0.24041055142879486,0.24041055142879486,0.0015149287525536594
350,NEO065,0.24036064743995667,0.24036064743995667,0.0015146142863744138
351,MST009,0.2403572052717209,0.2403572052717209,0.0015145925958138268
352,MUS002,0.24027228355407715,0.24027228355407715,0.0015140574680874849
353,RHB002,0.2402585744857788,0.2402585744857788,0.0015139710814392597
354,CAR021,0.240108460187912,0.240108460187912,0.0015130251476411951
355,FRS015,0.2398921549320221,0.2398921549320221,0.0015116621165698525
356,RSP014,0.23985368013381958,0.23985368013381958,0.0015114196705636382
357,OTR001,0.23978449404239655,0.23978449404239655,0.0015109836996856935
358,MST029,0.23969921469688416,0.23969921469688416,0.001510446318394615
359,INF005,0.23967455327510834,0.23967455327510834,0.0015102909163263406
360,NEO009,0.23966951668262482,0.23966951668262482,0.001510259178622971
361,GEN007,0.23953302204608917,0.23953302204608917,0.0015093990680819474
362,MST020,0.23941440880298615,0.23941440880298615,0.001508651635777739
363,MBD008,0.23941320180892944,0.23941320180892944,0.001508644029996754
364,INJ008,0.23912553489208221,0.23912553489208221,0.0015068313188619875
365,race5.0,0.23904255032539368,0.23904255032539368,0.0015063083979446337
366,RSP015,0.238886296749115,0.238886296749115,0.0015053237779519293
367,INJ034,0.2388186901807785,0.2388186901807785,0.0015048977603182366
368,CIR029,0.23848868906497955,0.23848868906497955,0.00150281828345781
369,MBD026,0.23819772899150848,0.23819772899150848,0.001500984820747763
370,NEO058,0.2381054162979126,0.2381054162979126,0.001500403119350204
371,RAD003,0.23791353404521942,0.23791353404521942,0.001499193987970645
372,INJ022,0.23785047233104706,0.23785047233104706,0.0014987966093888095
373,RES014,0.23772546648979187,0.23772546648979187,0.0014980088946149397
374,CIR003,0.23767107725143433,0.23767107725143433,0.0014976661649779598
375,GNR007,0.23752908408641815,0.23752908408641815,0.0014967714058791155
376,ESA009,0.23746544122695923,0.23746544122695923,0.0014963703652545836
377,URN008,0.2372424453496933,0.2372424453496933,0.001494965173742966
378,FAC020,0.23721306025981903,0.23721306025981903,0.0014947800058404662
379,CAR017,0.2372107356786728,0.2372107356786728,0.00149476535766968
380,MUS024,0.23714421689510345,0.23714421689510345,0.0014943461946287271
381,LYM007,0.23712478578090668,0.23712478578090668,0.0014942237509447212
382,MUS034,0.23712044954299927,0.23712044954299927,0.0014941964264722934
383,CIR005,0.23696443438529968,0.23696443438529968,0.0014932133088560798
384,MUS025,0.2368028461933136,0.2368028461933136,0.0014921950731893918
385,GIS029,0.2366723120212555,0.2366723120212555,0.00149137252206064
386,GEN006,0.23655301332473755,0.23655301332473755,0.0014906207704240206
387,NEO057,0.23654119670391083,0.23654119670391083,0.0014905463088891917
388,EYE008,0.2363937497138977,0.2363937497138977,0.0014896171829281188
389,NVS012,0.23638206720352173,0.23638206720352173,0.001489543566480066
390,NEO036,0.2361082136631012,0.2361082136631012,0.0014878178992832395
391,END013,0.23607473075389862,0.23607473075389862,0.0014876069092848027
392,MST003,0.2359318733215332,0.2359318733215332,0.001486706704071179
393,ESA010,0.23573176562786102,0.23573176562786102,0.0014854457407026847
394,MST007,0.23559099435806274,0.23559099435806274,0.001484558681283356
395,NVS011,0.23552295565605164,0.23552295565605164,0.0014841299405922738
396,MAM006,0.23541033267974854,0.23541033267974854,0.0014834202554973987
397,MST002,0.2352830320596695,0.2352830320596695,0.0014826180803498043
398,MRS005,0.23515212535858154,0.23515212535858154,0.0014817931817577854
399,INJ026,0.23510973155498505,0.23510973155498505,0.0014815260404380025
400,SYM005,0.23505547642707825,0.23505547642707825,0.0014811841558877985
401,EST001,0.2349148988723755,0.2349148988723755,0.0014802983171493687
402,CNS007,0.2347583770751953,0.2347583770751953,0.001479312006983112
403,CIR010,0.23468537628650665,0.23468537628650665,0.0014788519980813136
404,MUS008,0.23460552096366882,0.23460552096366882,0.0014783487958554024
405,INJ019,0.23445898294448853,0.23445898294448853,0.0014774253977047009
406,MUS014,0.23437899351119995,0.23437899351119995,0.0014769213503920135
407,NEO040,0.2340206503868103,0.2340206503868103,0.0014746632785262346
408,INJ013,0.23400813341140747,0.23400813341140747,0.0014745844037604638
409,GIS017,0.2335738092660904,0.2335738092660904,0.0014718475432867503
410,URN002,0.23349037766456604,0.23349037766456604,0.0014713218054134762
411,RES002,0.23347243666648865,0.23347243666648865,0.001471208751582538
412,SUD002,0.23337610065937042,0.23337610065937042,0.0014706016975816955
413,GNR009,0.23335564136505127,0.23335564136505127,0.0014704727748990727
414,MUS028,0.23335537314414978,0.23335537314414978,0.0014704710847255205
415,CNS006,0.23321503400802612,0.23321503400802612,0.0014695867483635815
416,GEN001,0.2331952452659607,0.2331952452659607,0.0014694620511148393
417,ENT002,0.23314979672431946,0.23314979672431946,0.001469175660596267
418,MUS029,0.23292852938175201,0.23292852938175201,0.001467781361314208
419,INF009,0.23273257911205292,0.23273257911205292,0.0014665465956357736
420,GIS019,0.23273144662380219,0.23273144662380219,0.0014665394593474418
421,INJ049,0.23246686160564423,0.23246686160564423,0.0014648721970366978
422,DIG014,0.23244358599185944,0.23244358599185944,0.0014647255275317766
423,NEO068,0.23210161924362183,0.23210161924362183,0.0014625706501512142
424,CAR019,0.23205068707466125,0.23205068707466125,0.001462249704973352
425,MBD009,0.23191796243190765,0.23191796243190765,0.0014614133507605902
426,MBD001,0.23185938596725464,0.23185938596725464,0.0014610442356364894
427,MUS009,0.23173187673091888,0.23173187673091888,0.0014602407459094653
428,EAR004,0.231575608253479,0.231575608253479,0.0014592560320182302
429,MAL004,0.23136907815933228,0.23136907815933228,0.001457954598383013
430,EYE010,0.23126602172851562,0.23126602172851562,0.0014573051961448342
431,ADM020,0.23124007880687714,0.23124007880687714,0.0014571417188029212
432,INJ004,0.2309991866350174,0.2309991866350174,0.0014556237551559576
433,CIR035,0.23095205426216125,0.23095205426216125,0.0014553267541034184
434,SYM013,0.230929434299469,0.230929434299469,0.0014551842161338471
435,NEO047,0.23073017597198486,0.23073017597198486,0.0014539286049816017
436,NVS001,0.23050309717655182,0.23050309717655182,0.0014524976852725777
437,LYM002,0.23033948242664337,0.23033948242664337,0.0014514666794057177
438,DIG011,0.23005147278308868,0.23005147278308868,0.0014496518086047454
439,MUS004,0.22999481856822968,0.22999481856822968,0.0014492948063911022
440,GIS025,0.22969309985637665,0.22969309985637665,0.0014473935489419051
441,INJ010,0.22921067476272583,0.22921067476272583,0.0014443535840111582
442,MAM010,0.2290797084569931,0.2290797084569931,0.0014435283098250167
443,PLC002,0.22898046672344208,0.22898046672344208,0.0014429029456106918
444,CIR004,0.22865033149719238,0.22865033149719238,0.001440822623663489
445,race6.0,0.22828419506549835,0.22828419506549835,0.0014385154428661643
446,GEN008,0.22823846340179443,0.22823846340179443,0.0014382272682755093
447,DIG010,0.22811666131019592,0.22811666131019592,0.0014374597416857355
448,MBD022,0.22799253463745117,0.22799253463745117,0.0014366775669251758
449,INF003,0.2278326451778412,0.2278326451778412,0.0014356700356909855
450,NEO061,0.22780855000019073,0.22780855000019073,0.0014355182017668769
451,FAC006,0.2276768684387207,0.2276768684387207,0.0014346884204512627
452,MUS033,0.22767120599746704,0.22767120599746704,0.0014346527390096044
453,NEO033,0.2274804711341858,0.2274804711341858,0.0014334508378169078
454,INF008,0.22738495469093323,0.22738495469093323,0.0014328489482352525
455,CAR010,0.2266104817390442,0.2266104817390442,0.0014279686660017196
456,NEO026,0.22650423645973206,0.22650423645973206,0.0014272991694779752
457,INJ074,0.22642703354358673,0.22642703354358673,0.0014268126811905252
458,EYE012,0.22622136771678925,0.22622136771678925,0.0014255166936700875
459,NVS005,0.22605134546756744,0.22605134546756744,0.0014244453114350352
460,RHB004,0.225917786359787,0.225917786359787,0.0014236036989045554
461,MUS013,0.22578559815883636,0.22578559815883636,0.0014227707250388981
462,INJ035,0.2255932241678238,0.2255932241678238,0.0014215584950078267
463,GIS021,0.2254749983549118,0.2254749983549118,0.0014208135040654159
464,RES008,0.22539953887462616,0.22539953887462616,0.0014203380019060553
465,NVS004,0.2253660261631012,0.2253660261631012,0.0014201268241105572
466,CIR008,0.2253333181142807,0.2253333181142807,0.0014199207168357159
467,DIG015,0.22505778074264526,0.22505778074264526,0.0014181844391049224
468,MUS022,0.2248716801404953,0.2248716801404953,0.001417011740355267
469,DIG009,0.22469113767147064,0.22469113767147064,0.001415874065757555
470,NEO007,0.22419427335262299,0.22419427335262299,0.0014127431131505798
471,race2.0,0.2241668999195099,0.2241668999195099,0.0014125706215497218
472,CAR012,0.22415585815906525,0.22415585815906525,0.0014125010427384883
473,MBD021,0.22343873977661133,0.22343873977661133,0.0014079821759495404
474,GEN018,0.22336359322071075,0.22336359322071075,0.001407508645659324
475,GEN014,0.2233181893825531,0.2233181893825531,0.001407222536836344
476,INJ033,0.22306741774082184,0.22306741774082184,0.0014056423184635395
477,NEO019,0.22305816411972046,0.22305816411972046,0.0014055840074759876
478,NEO020,0.22286932170391083,0.22286932170391083,0.0014043940313966871
479,MUS021,0.22285416722297668,0.22285416722297668,0.0014042985365909863
480,CIR023,0.22277413308620453,0.22277413308620453,0.001403794207582707
481,EST005,0.22263182699680328,0.22263182699680328,0.0014028974766147184
482,ADM015,0.22250430285930634,0.22250430285930634,0.0014020938929891638
483,CIR036,0.22208569943904877,0.22208569943904877,0.001399456095465317
484,GIS022,0.2218800187110901,0.2218800187110901,0.0013981600140463488
485,IMG005,0.22170814871788025,0.22170814871788025,0.0013970769883934922
486,EYE005,0.22161036729812622,0.22161036729812622,0.0013964608262351738
487,GNR008,0.22139276564121246,0.22139276564121246,0.001395089625991662
488,GIS009,0.22128871083259583,0.22128871083259583,0.0013944339325519274
489,MAM001,0.22121848165988922,0.22121848165988922,0.0013939913887768352
490,MAM005,0.22121289372444153,0.22121289372444153,0.0013939561768278306
491,RES006,0.22105136513710022,0.22105136513710022,0.0013929383167552655
492,MUS026,0.22097505629062653,0.22097505629062653,0.001392457462379656
493,SKN007,0.2209107130765915,0.2209107130765915,0.0013920520085241822
494,HEP007,0.22065964341163635,0.22065964341163635,0.0013904699121807644
495,NEO012,0.22057124972343445,0.22057124972343445,0.001389912906096774
496,ADM007,0.22054190933704376,0.22054190933704376,0.0013897280198898662
497,NEO071,0.22033560276031494,0.22033560276031494,0.0013884279947326095
498,PNS001,0.22013935446739197,0.22013935446739197,0.0013871913510835612
499,RSP017,0.22007207572460175,0.22007207572460175,0.0013867673992175437
500,INJ069,0.2200419306755066,0.2200419306755066,0.001386577442489979
501,SKB006,0.22003020346164703,0.22003020346164703,0.0013865035443463344
502,GIS024,0.21998628973960876,0.21998628973960876,0.001386226825376422
503,ADM005,0.21985357999801636,0.21985357999801636,0.001385390565062191
504,RSP005,0.21981874108314514,0.21981874108314514,0.0013851710302974626
505,PNS005,0.21955396234989166,0.21955396234989166,0.0013835025473058196
506,MAL003,0.21898683905601501,0.21898683905601501,0.001379928863126691
507,DIG003,0.21894167363643646,0.21894167363643646,0.0013796442566802016
508,RSP003,0.2186955064535141,0.2186955064535141,0.0013780930529533773
509,GEN009,0.21854716539382935,0.21854716539382935,0.0013771582930804636
510,BLD009,0.21822160482406616,0.21822160482406616,0.0013751067979821793
511,INF010,0.21784895658493042,0.21784895658493042,0.001372758583526948
512,NEO013,0.21763721108436584,0.21763721108436584,0.0013714242854059933
513,MAM007,0.21757040917873383,0.21757040917873383,0.0013710033382929574
514,MBD025,0.21747717261314392,0.21747717261314392,0.001370415815186496
515,RES003,0.2174559086561203,0.2174559086561203,0.0013702818219832166
516,RSP013,0.2173297107219696,0.2173297107219696,0.0013694865953268924
517,URN003,0.21712033450603485,0.21712033450603485,0.0013681672270723156
518,GIS002,0.2169853299856186,0.2169853299856186,0.00136731650638436
519,NEO028,0.21647201478481293,0.21647201478481293,0.0013640818897995147
520,LYM003,0.21636585891246796,0.21636585891246796,0.0013634129566669545
521,CIR001,0.2160099744796753,0.2160099744796753,0.0013611703780587376
522,RAD004,0.21558992564678192,0.21558992564678192,0.001358523472377415
523,INF007,0.21555651724338531,0.21555651724338531,0.0013583129518716316
524,BLD002,0.21499308943748474,0.21499308943748474,0.0013547625545281116
525,GIS011,0.21487198770046234,0.21487198770046234,0.0013539994411692798
526,INJ072,0.21481113135814667,0.21481113135814667,0.001353615959569985
527,EAR003,0.21405580639839172,0.21405580639839172,0.001348856336948375
528,MUS023,0.21371769905090332,0.21371769905090332,0.0013467257792872586
529,CIR025,0.21362727880477905,0.21362727880477905,0.0013461560030030959
530,ADM018,0.21329930424690247,0.21329930424690247,0.0013440892963428415
531,CIR034,0.21324555575847626,0.21324555575847626,0.0013437506043426808
532,MUS003,0.21316653490066528,0.21316653490066528,0.0013432526604344878
533,DIG023,0.2124960869550705,0.2124960869550705,0.0013390278838436279
534,MBD014,0.21247930824756622,0.21247930824756622,0.0013389221540980828
535,NEO022,0.21246455609798431,0.21246455609798431,0.0013388291945527102
536,RSP016,0.21224984526634216,0.21224984526634216,0.0013374762106241503
537,MAL001,0.21215756237506866,0.21215756237506866,0.0013368946970236525
538,OTR004,0.21189485490322113,0.21189485490322113,0.001335239265927774
539,RES001,0.21122291684150696,0.21122291684150696,0.0013310050994838462
540,NEO018,0.2111877202987671,0.2111877202987671,0.0013307833111543814
541,URN005,0.21116790175437927,0.21116790175437927,0.0013306584261085779
542,EYE002,0.21100524067878723,0.21100524067878723,0.001329633429747681
543,INJ021,0.21088382601737976,0.21088382601737976,0.001328868344519705
544,IMG007,0.21086347103118896,0.21086347103118896,0.001328740079126797
545,MBD007,0.21078921854496002,0.21078921854496002,0.0013282721827484213
546,INJ042,0.21073012053966522,0.21073012053966522,0.0013278997811757467
547,IMG003,0.21057891845703125,0.21057891845703125,0.0013269469927849424
548,CAR004,0.21039310097694397,0.21039310097694397,0.0013257760781073698
549,NEO039,0.21022482216358185,0.21022482216358185,0.001324715682000407
550,RAD001,0.21010345220565796,0.21010345220565796,0.001323950878468023
551,GIS010,0.20985858142375946,0.20985858142375946,0.0013224078439133678
552,NVS003,0.20967739820480347,0.20967739820480347,0.0013212661316788366
553,MAM011,0.20927108824253082,0.20927108824253082,0.0013187058004428005
554,GIS015,0.20906254649162292,0.20906254649162292,0.0013173916905059417
555,MST010,0.2084677666425705,0.2084677666425705,0.001313643730653872
556,SYM015,0.20838429033756256,0.20838429033756256,0.001313117711085006
557,GIS018,0.20808571577072144,0.20808571577072144,0.001311236266225782
558,GEN020,0.20802806317806244,0.20802806317806244,0.0013108729728105834
559,SUD001,0.20783890783786774,0.20783890783786774,0.0013096810248621386
560,MBD003,0.20743894577026367,0.20743894577026367,0.0013071606944001718
561,GEN016,0.20741477608680725,0.20741477608680725,0.0013070083909834098
562,CAR028,0.2070302516222,0.2070302516222,0.001304585339399227
563,GEN010,0.20653994381427765,0.20653994381427765,0.0013014957021457508
564,END014,0.20586539804935455,0.20586539804935455,0.0012972451034589541
565,MBD004,0.2058435082435608,0.2058435082435608,0.001297107166517386
566,MAM008,0.20488277077674866,0.20488277077674866,0.0012910531526503601
567,EAR006,0.2047080546617508,0.2047080546617508,0.0012899521923781438
568,MST028,0.20467646420001984,0.20467646420001984,0.0012897531274931034
569,CNS002,0.2042001187801361,0.2042001187801361,0.001286751473162874
570,NVS006,0.20415326952934265,0.20415326952934265,0.0012864562561824178
571,INF006,0.20206677913665771,0.20206677913665771,0.0012733083961196218
572,CIR032,0.20127800107002258,0.20127800107002258,0.0012683379712966367
573,MBD018,0.20113317668437958,0.20113317668437958,0.0012674253714769633
574,CIR038,0.2007976919412613,0.2007976919412613,0.0012653113399572465
575,IMG009,0.2007407546043396,0.2007407546043396,0.0012649525536715203
576,GEN025,0.20060515403747559,0.20060515403747559,0.0012640980770423375
577,GEN005,0.19994746148586273,0.19994746148586273,0.0012599536775937392
578,GNR002,0.19966831803321838,0.19966831803321838,0.0012581946764185213
579,NEO064,0.19958612322807312,0.19958612322807312,0.0012576767321232935
580,CAR011,0.19949805736541748,0.19949805736541748,0.0012571217918069782
581,MBD020,0.1993696391582489,0.1993696391582489,0.0012563125742695827
582,MUS016,0.199066162109375,0.199066162109375,0.0012544002367937653
583,NEO015,0.19882357120513916,0.19882357120513916,0.0012528715687143042
584,CIR006,0.19877944886684418,0.19877944886684418,0.0012525935351649625
585,ADM010,0.1987752765417099,0.1987752765417099,0.0012525672435763722
586,MBD019,0.198405459523201,0.198405459523201,0.00125023686984197
587,INJ073,0.19794656336307526,0.19794656336307526,0.001247345170691166
588,NVS017,0.1971554011106491,0.1971554011106491,0.001242359722103272
589,INJ011,0.19680117070674896,0.19680117070674896,0.0012401275662319606
590,GNR004,0.1962314248085022,0.1962314248085022,0.0012365373559114323
591,FAC022,0.19618868827819824,0.19618868827819824,0.0012362680549254438
592,NEO014,0.195266991853714,0.195266991853714,0.0012304600552087979
593,SKN004,0.19361351430416107,0.19361351430416107,0.0012200407925490157
594,NEO017,0.1930982619524002,0.1930982619524002,0.0012167939691551822
595,IMG006,0.19273637235164642,0.19273637235164642,0.0012145135494391016
596,INJ003,0.19233909249305725,0.19233909249305725,0.001212010120712657
597,NEO030,0.19217753410339355,0.19217753410339355,0.0012109920728430306
598,GEN023,0.19136591255664825,0.19136591255664825,0.0012058777015725138
599,IMG001,0.1886555254459381,0.1886555254459381,0.0011887984039287006
600,URN006,0.1882544904947281,0.1882544904947281,0.0011862713127725251
601,GIS026,0.187716543674469,0.187716543674469,0.0011828814819164668
602,CIR024,0.18681110441684723,0.18681110441684723,0.0011771759254967922
603,INJ002,0.1850302517414093,0.1850302517414093,0.0011659540181967623
604,NEO043,0.1815183460712433,0.1815183460712433,0.001143824012486233
605,ADM016,0.1798190027475357,0.1798190027475357,0.0011331157301490194
606,GIS008,0.17965050041675568,0.17965050041675568,0.0011320539255640966
607,MAL002,0.17122438549995422,0.17122438549995422,0.0010789574051163883
