Thresholds,False Positive Rate,True Positive Rate
2.0,0.0,0.0
1.0,0.0002576655501159495,0.08029768899334117
0.9999998807907104,0.000515331100231899,0.1018409714061888
0.9999997615814209,0.0007729966503478485,0.1190755973364669
0.9999996423721313,0.0007729966503478485,0.13160987074030553
0.9999995231628418,0.0007729966503478485,0.14022718370544457
0.9999994039535522,0.0007729966503478485,0.15158636897767333
0.9999992847442627,0.0007729966503478485,0.15942028985507245
0.9999991655349731,0.0007729966503478485,0.16255385820603213
0.9999990463256836,0.0007729966503478485,0.16490403446925186
0.999998927116394,0.0007729966503478485,0.1707794751273012
0.9999988079071045,0.0007729966503478485,0.1735213474343909
0.9999986886978149,0.0007729966503478485,0.17939678809244028
0.9999985694885254,0.0007729966503478485,0.18253035644339993
0.9999984502792358,0.0007729966503478485,0.18370544457500979
0.9999983310699463,0.0007729966503478485,0.18879749314531924
0.9999982118606567,0.0007729966503478485,0.1919310614962789
0.9999980926513672,0.001030662200463798,0.19741480611045828
0.9999979734420776,0.001030662200463798,0.19780650215432824
0.9999977350234985,0.001030662200463798,0.2009400705052879
0.999997615814209,0.001030662200463798,0.20211515863689777
0.9999974966049194,0.001030662200463798,0.20485703094398747
0.9999972581863403,0.001030662200463798,0.20642381511946728
0.9999971389770508,0.001030662200463798,0.209165687426557
0.9999970197677612,0.001030662200463798,0.2107324716020368
0.9999969005584717,0.001030662200463798,0.21269095182138661
0.9999967813491821,0.001030662200463798,0.21386603995299647
0.9999966621398926,0.001030662200463798,0.21778300039169604
0.9999964237213135,0.001030662200463798,0.2209165687426557
0.9999963045120239,0.001030662200463798,0.22209165687426558
0.9999961853027344,0.001030662200463798,0.22248335291813554
0.9999960660934448,0.001030662200463798,0.22405013709361535
0.9999959468841553,0.001030662200463798,0.22483352918135527
0.9999957084655762,0.001030662200463798,0.22875048962005484
0.9999955892562866,0.001030662200463798,0.22953388170779476
0.9999953508377075,0.001030662200463798,0.23031727379553465
0.999995231628418,0.001030662200463798,0.23110066588327458
0.9999951124191284,0.001030662200463798,0.23227575401488446
0.9999949932098389,0.001030662200463798,0.2346259302781042
0.9999948740005493,0.001030662200463798,0.2354093223658441
0.9999947547912598,0.001030662200463798,0.23736780258519388
0.9999946355819702,0.001030662200463798,0.2381511946729338
0.9999943971633911,0.001030662200463798,0.23893458676067372
0.9999942779541016,0.001030662200463798,0.24050137093615354
0.999994158744812,0.001030662200463798,0.24128476302389346
0.9999940395355225,0.0012883277505797476,0.24167645906776342
0.9999939203262329,0.0012883277505797476,0.2428515471993733
0.9999938011169434,0.0012883277505797476,0.2436349392871132
0.9999936819076538,0.0012883277505797476,0.24520172346259303
0.9999934434890747,0.0012883277505797476,0.24676850763807284
0.9999933242797852,0.0012883277505797476,0.24833529181355268
0.9999932050704956,0.0012883277505797476,0.2491186839012926
0.999993085861206,0.0012883277505797476,0.25068546807677244
0.9999929666519165,0.0012883277505797476,0.25146886016451236
0.999992847442627,0.0012883277505797476,0.25186055620838227
0.9999927282333374,0.0012883277505797476,0.2534273403838621
0.9999926090240479,0.0012883277505797476,0.25421073247160203
0.9999924898147583,0.0012883277505797476,0.254602428515472
0.9999923706054688,0.0012883277505797476,0.25616921269095183
0.9999922513961792,0.0012883277505797476,0.25695260477869175
0.9999921321868896,0.0012883277505797476,0.2573443008225617
0.9999918937683105,0.0012883277505797476,0.2589110849980415
0.9999916553497314,0.0012883277505797476,0.26126126126126126
0.9999915361404419,0.0012883277505797476,0.2628280454367411
0.9999912977218628,0.0012883277505797476,0.26439482961222094
0.9999911785125732,0.001545993300695697,0.2651782216999608
0.9999910593032837,0.001545993300695697,0.2659616137877007
0.999990701675415,0.001545993300695697,0.2671367019193106
0.9999904632568359,0.001545993300695697,0.26870348609479044
0.9999901056289673,0.001545993300695697,0.26948687818253036
0.9999899864196777,0.001545993300695697,0.2702702702702703
0.9999898672103882,0.001545993300695697,0.27144535840188017
0.9999897480010986,0.001545993300695697,0.27183705444575007
0.9999896287918091,0.001545993300695697,0.27262044653349
0.9999895095825195,0.001545993300695697,0.27301214257735995
0.99998939037323,0.001545993300695697,0.27379553466509987
0.9999890327453613,0.001545993300695697,0.27497062279670975
0.9999886751174927,0.001545993300695697,0.2773207990599295
0.999988317489624,0.001545993300695697,0.27810419114766943
0.9999881982803345,0.001545993300695697,0.2788875832354093
0.9999879598617554,0.001545993300695697,0.2796709753231492
0.9999874830245972,0.001545993300695697,0.282021151586369
0.9999871253967285,0.001545993300695697,0.28319623971797886
0.999987006187439,0.001545993300695697,0.2839796318057188
0.9999868869781494,0.001545993300695697,0.28515471993732866
0.9999867677688599,0.001545993300695697,0.2859381120250685
0.9999866485595703,0.001545993300695697,0.2863298080689385
0.9999860525131226,0.001545993300695697,0.2878965922444183
0.9999856948852539,0.001545993300695697,0.28867998433215825
0.9999855756759644,0.001545993300695697,0.2898550724637681
0.9999849796295166,0.001545993300695697,0.29063846455150805
0.999984622001648,0.001545993300695697,0.29142185663924797
0.9999845027923584,0.001545993300695697,0.29220524872698783
0.9999842643737793,0.001545993300695697,0.2925969447708578
0.9999841451644897,0.001545993300695697,0.2937720329024677
0.9999836683273315,0.001545993300695697,0.29494712103407755
0.9999834299087524,0.0018036588508116465,0.29494712103407755
0.9999833106994629,0.0018036588508116465,0.2965139052095574
0.9999829530715942,0.0018036588508116465,0.2972972972972973
0.999982476234436,0.0018036588508116465,0.29808068938503723
0.9999823570251465,0.0018036588508116465,0.2988640814727771
0.9999822378158569,0.0018036588508116465,0.300039169604387
0.9999821186065674,0.0018036588508116465,0.30043086564825694
0.9999818801879883,0.0018036588508116465,0.3016059537798668
0.9999814033508301,0.0018036588508116465,0.3027810419114767
0.9999812841415405,0.0018036588508116465,0.3039561300430866
0.9999810457229614,0.0018036588508116465,0.30434782608695654
0.9999809265136719,0.0018036588508116465,0.30513121817469646
0.9999802112579346,0.0018036588508116465,0.3063063063063063
0.999980092048645,0.002061324400927596,0.30669800235017625
0.9999798536300659,0.002061324400927596,0.3070896983940462
0.9999797344207764,0.002061324400927596,0.3078730904817861
0.9999786615371704,0.002061324400927596,0.309048178613396
0.9999785423278809,0.002061324400927596,0.3098315707011359
0.9999779462814331,0.002061324400927596,0.3102232667450059
0.9999774694442749,0.002061324400927596,0.31179005092048573
0.9999772310256958,0.002061324400927596,0.3125734430082256
0.9999769926071167,0.002061324400927596,0.3133568350959655
0.9999768733978271,0.002061324400927596,0.3145319232275754
0.9999765157699585,0.002061324400927596,0.3157070113591853
0.999976396560669,0.002061324400927596,0.3164904034469252
0.9999754428863525,0.002061324400927596,0.318448883666275
0.999975323677063,0.002061324400927596,0.31923227575401486
0.9999749660491943,0.002061324400927596,0.3200156678417548
0.9999744892120361,0.002061324400927596,0.3215824520172346
0.9999743700027466,0.002061324400927596,0.3219741480611046
0.9999740123748779,0.002061324400927596,0.3235409322365844
0.9999734163284302,0.002061324400927596,0.32432432432432434
0.9999732971191406,0.0023189899510435456,0.3247160203681943
0.9999723434448242,0.0023189899510435456,0.32510771641206426
0.9999716281890869,0.0023189899510435456,0.32667450058754405
0.9999712705612183,0.0023189899510435456,0.32745789267528397
0.9999709129333496,0.0023189899510435456,0.3282412847630239
0.9999703168869019,0.0023189899510435456,0.3290246768507638
0.9999693632125854,0.0023189899510435456,0.32980806893850373
0.9999663829803467,0.0023189899510435456,0.3325499412455934
0.9999656677246094,0.0023189899510435456,0.33490011750881316
0.9999655485153198,0.002576655501159495,0.3352918135526831
0.9999637603759766,0.002576655501159495,0.3384253819036428
0.9999635219573975,0.002576655501159495,0.33881707794751276
0.9999634027481079,0.002576655501159495,0.3396004700352526
0.9999629259109497,0.002576655501159495,0.3399921660791226
0.9999626874923706,0.002576655501159495,0.3407755581668625
0.9999616146087646,0.002576655501159495,0.34234234234234234
0.999961256980896,0.002576655501159495,0.34312573443008226
0.9999611377716064,0.002576655501159495,0.3435174304739522
0.9999610185623169,0.002576655501159495,0.34430082256169214
0.9999608993530273,0.002576655501159495,0.3446925186055621
0.9999605417251587,0.002576655501159495,0.345475910693302
0.99996018409729,0.002576655501159495,0.3462593027810419
0.9999593496322632,0.002576655501159495,0.34743439091265177
0.9999587535858154,0.002576655501159495,0.34860947904426165
0.9999583959579468,0.002576655501159495,0.34939287113200157
0.9999569654464722,0.002576655501159495,0.35135135135135137
0.9999568462371826,0.002576655501159495,0.3521347434390913
0.9999556541442871,0.002576655501159495,0.35291813552683116
0.9999550580978394,0.002576655501159495,0.3552683117900509
0.9999531507492065,0.002576655501159495,0.3584018801410106
0.9999529123306274,0.002576655501159495,0.3599686643164904
0.9999507665634155,0.002576655501159495,0.36231884057971014
0.999950647354126,0.002576655501159495,0.36310223266745006
0.9999501705169678,0.002576655501159495,0.36388562475519
0.9999499320983887,0.002576655501159495,0.3646690168429299
0.9999483823776245,0.002576655501159495,0.36662749706227965
0.9999475479125977,0.002576655501159495,0.3681942812377595
0.9999463558197021,0.002576655501159495,0.3689776733254994
0.9999459981918335,0.002576655501159495,0.36976106541323933
0.999945878982544,0.002576655501159495,0.3701527614571093
0.9999457597732544,0.0028343210512754443,0.3701527614571093
0.9999409914016724,0.0028343210512754443,0.37485311398354876
0.9999403953552246,0.0028343210512754443,0.3764198981590286
0.9999375343322754,0.0028343210512754443,0.3791617704661183
0.9999374151229858,0.0028343210512754443,0.3799451625538582
0.9999306201934814,0.0028343210512754443,0.38425381903642775
0.9999301433563232,0.0028343210512754443,0.38503721112416767
0.9999300241470337,0.0028343210512754443,0.3854289071680376
0.9999299049377441,0.0028343210512754443,0.3862122992557775
0.999923586845398,0.0028343210512754443,0.3901292596944771
0.9999229907989502,0.0028343210512754443,0.39169604386995693
0.999920129776001,0.0028343210512754443,0.39404622013317664
0.9999200105667114,0.0028343210512754443,0.39482961222091656
0.9999176263809204,0.0028343210512754443,0.39796318057187624
0.9999157190322876,0.0028343210512754443,0.39874657265961616
0.9999148845672607,0.0028343210512754443,0.399921660791226
0.9999140501022339,0.0028343210512754443,0.4007050528789659
0.9999122619628906,0.0028343210512754443,0.4018801410105758
0.999911904335022,0.0028343210512754443,0.40305522914218567
0.9999027252197266,0.0028343210512754443,0.4081472777124951
0.999902606010437,0.0028343210512754443,0.408930669800235
0.9998999834060669,0.0028343210512754443,0.41049745397571485
0.9998990297317505,0.0028343210512754443,0.41167254210732473
0.9998985528945923,0.0028343210512754443,0.41245593419506466
0.9998956918716431,0.0028343210512754443,0.4136310223266745
0.9998953342437744,0.0028343210512754443,0.4144144144144144
0.999881386756897,0.0028343210512754443,0.4214649432040736
0.9998809099197388,0.0028343210512754443,0.42224833529181355
0.9998760223388672,0.0028343210512754443,0.42616529573051315
0.9998757839202881,0.0028343210512754443,0.426948687818253
0.999875545501709,0.0028343210512754443,0.427340383862123
0.9998738765716553,0.003091986601391394,0.427340383862123
0.999855637550354,0.003091986601391394,0.43399921660791224
0.9998546838760376,0.003091986601391394,0.43478260869565216
0.9998204112052917,0.003091986601391394,0.44653349001175086
0.9998202919960022,0.003091986601391394,0.4473168820994908
0.9998165965080261,0.003091986601391394,0.4488836662749706
0.999816358089447,0.0033496521515073434,0.4488836662749706
0.9998124241828918,0.0033496521515073434,0.45045045045045046
0.9998108744621277,0.0033496521515073434,0.4512338425381904
0.9997866749763489,0.0033496521515073434,0.45867606737171956
0.9997864365577698,0.003607317701623293,0.45867606737171956
0.9997671246528625,0.003607317701623293,0.4618096357226792
0.999765932559967,0.003607317701623293,0.4625930278104191
0.9997579455375671,0.003607317701623293,0.4645515080297689
0.9997562766075134,0.0038649832517392425,0.4645515080297689
0.9996895790100098,0.0038649832517392425,0.47982765374069725
0.9996880292892456,0.0038649832517392425,0.4806110458284371
0.9995660185813904,0.0038649832517392425,0.5009792401096749
0.9995617270469666,0.004122648801855192,0.5009792401096749
0.9995442032814026,0.004122648801855192,0.5037211124167645
0.9995402097702026,0.004380314351971141,0.5037211124167645
0.9994592070579529,0.004380314351971141,0.5111633372502937
0.9994526505470276,0.004380314351971141,0.5119467293380336
0.9993796348571777,0.004380314351971141,0.5189972581276929
0.9993763566017151,0.004637979902087091,0.5189972581276929
0.9992863535881042,0.004637979902087091,0.5303564433999216
0.9992726445198059,0.00489564545220304,0.5303564433999216
0.9989014863967896,0.00489564545220304,0.5577751664708186
0.9988968372344971,0.00489564545220304,0.5585585585585585
0.9987446069717407,0.00489564545220304,0.5703094398746573
0.9987322688102722,0.00515331100231899,0.5703094398746573
0.9986534118652344,0.00515331100231899,0.5750097924010967
0.9986531734466553,0.0054109765524349394,0.5750097924010967
0.9984619617462158,0.0054109765524349394,0.5851938895417156
0.9984488487243652,0.0056686421025508886,0.5851938895417156
0.9981423616409302,0.0056686421025508886,0.6024285154719937
0.9981404542922974,0.0059263076526668386,0.6024285154719937
0.9979058504104614,0.0059263076526668386,0.6110458284371327
0.9978932738304138,0.006183973202782788,0.6110458284371327
0.9976896047592163,0.006183973202782788,0.6220133176654916
0.9976834058761597,0.006441638752898738,0.6220133176654916
0.9972788691520691,0.006441638752898738,0.6345475910693302
0.9972667694091797,0.006699304303014687,0.6345475910693302
0.9972530007362366,0.006699304303014687,0.6349392871132001
0.9972418546676636,0.006956969853130637,0.6349392871132001
0.9971963167190552,0.006956969853130637,0.63650607128868
0.9971722960472107,0.007214635403246586,0.63689776733255
0.9971721768379211,0.007472300953362535,0.63689776733255
0.9971718192100525,0.007472300953362535,0.6372894633764199
0.997166097164154,0.007729966503478485,0.6372894633764199
0.9968624114990234,0.007729966503478485,0.6439482961222092
0.9968536496162415,0.007987632053594434,0.6439482961222092
0.9967119693756104,0.007987632053594434,0.6478652565609088
0.9966710209846497,0.008245297603710384,0.6478652565609088
0.9961662292480469,0.008245297603710384,0.654132393262828
0.9961472749710083,0.008502963153826334,0.654132393262828
0.9959143996238708,0.008502963153826334,0.6580493537015276
0.9958720803260803,0.008760628703942282,0.6580493537015276
0.9955794215202332,0.008760628703942282,0.6623580101840971
0.9955253005027771,0.009018294254058232,0.6623580101840971
0.9953384399414062,0.009018294254058232,0.6647081864473169
0.9953128099441528,0.009275959804174182,0.6647081864473169
0.9950443506240845,0.009275959804174182,0.6698002350176263
0.9950371384620667,0.00953362535429013,0.6698002350176263
0.9949367046356201,0.00953362535429013,0.6721504112808461
0.9949122071266174,0.00979129090440608,0.6721504112808461
0.994612455368042,0.00979129090440608,0.6752839796318058
0.9946053624153137,0.01004895645452203,0.6752839796318058
0.9945622086524963,0.01004895645452203,0.6756756756756757
0.9945197701454163,0.01030662200463798,0.6756756756756757
0.9944385290145874,0.01030662200463798,0.6772424598511555
0.9944304823875427,0.010564287554753929,0.6772424598511555
0.994382381439209,0.010564287554753929,0.6780258519388954
0.9943051934242249,0.010821953104869879,0.6780258519388954
0.9939529299736023,0.010821953104869879,0.6823345084214649
0.9939143061637878,0.011079618654985829,0.6823345084214649
0.9936541318893433,0.011079618654985829,0.6839012925969448
0.9936527013778687,0.011337284205101777,0.6839012925969448
0.993075966835022,0.011337284205101777,0.6886016451233843
0.9930671453475952,0.011594949755217727,0.6886016451233843
0.9927438497543335,0.011594949755217727,0.691343517430474
0.9927431344985962,0.011852615305333677,0.691343517430474
0.992717981338501,0.011852615305333677,0.6917352134743439
0.9926142692565918,0.012110280855449627,0.6917352134743439
0.9923036098480225,0.012110280855449627,0.6948687818253035
0.9921808242797852,0.012625611955681525,0.6948687818253035
0.9917904138565063,0.012625611955681525,0.6972189580885233
0.9917457699775696,0.012883277505797475,0.6972189580885233
0.9917325973510742,0.012883277505797475,0.6976106541323933
0.9916613101959229,0.013140943055913424,0.6976106541323933
0.9913560152053833,0.013140943055913424,0.7015276145710928
0.9913063645362854,0.013398608606029374,0.7015276145710928
0.9911105632781982,0.013398608606029374,0.7030943987465726
0.9910117387771606,0.013656274156145324,0.7030943987465726
0.9903773665428162,0.013656274156145324,0.708969839404622
0.9903723001480103,0.013913939706261274,0.708969839404622
0.990355372428894,0.013913939706261274,0.709361535448492
0.9902702569961548,0.014429270806493172,0.709361535448492
0.9900308847427368,0.014429270806493172,0.7121034077555817
0.9899791479110718,0.01494460190672507,0.7121034077555817
0.9897701740264893,0.01494460190672507,0.7136701919310615
0.9896832704544067,0.01520226745684102,0.7136701919310615
0.989470362663269,0.01520226745684102,0.7152369761065414
0.9892528653144836,0.01571759855707292,0.7152369761065414
0.9891209006309509,0.01571759855707292,0.7160203681942813
0.9891123175621033,0.01597526410718887,0.7160203681942813
0.9885973334312439,0.01597526410718887,0.7195456325891109
0.9884687066078186,0.01649059520742077,0.7195456325891109
0.9882998466491699,0.01649059520742077,0.7211124167645907
0.9882083535194397,0.01674826075753672,0.7211124167645907
0.985776960849762,0.01674826075753672,0.7316882099490795
0.9857407212257385,0.01700592630765267,0.7316882099490795
0.9851796627044678,0.01700592630765267,0.7328632980806894
0.9851781725883484,0.017263591857768615,0.7328632980806894
0.9846087694168091,0.017263591857768615,0.736388562475519
0.9844597578048706,0.017521257407884565,0.736388562475519
0.9836575388908386,0.017521257407884565,0.7422640031335683
0.9836263060569763,0.017778922958000515,0.7422640031335683
0.9823653101921082,0.017778922958000515,0.7473560517038778
0.9823394417762756,0.018036588508116465,0.7473560517038778
0.9816713929176331,0.018036588508116465,0.7512730121425774
0.9815342426300049,0.018294254058232415,0.7512730121425774
0.9814877510070801,0.018294254058232415,0.7516647081864474
0.9814373254776001,0.018551919608348365,0.7516647081864474
0.9796714186668396,0.018551919608348365,0.7583235409322366
0.9790924787521362,0.018809585158464315,0.7583235409322366
0.978033185005188,0.018809585158464315,0.7602820211515864
0.9780168533325195,0.01906725070858026,0.7602820211515864
0.9756670594215393,0.01906725070858026,0.7665491578535056
0.975562334060669,0.01932491625869621,0.7665491578535056
0.9751667976379395,0.01932491625869621,0.7677242459851156
0.9751274585723877,0.01958258180881216,0.7677242459851156
0.9749345779418945,0.01958258180881216,0.7692910301605954
0.9748157262802124,0.01984024735892811,0.7692910301605954
0.9743599891662598,0.01984024735892811,0.7704661182922052
0.9741506576538086,0.02009791290904406,0.7704661182922052
0.9737010598182678,0.02009791290904406,0.7716412064238152
0.9735972285270691,0.02035557845916001,0.7716412064238152
0.9731869697570801,0.02035557845916001,0.7732079905992949
0.9729560613632202,0.02061324400927596,0.7732079905992949
0.9719637632369995,0.02061324400927596,0.7763415589502546
0.9715192317962646,0.021128575109507858,0.7763415589502546
0.9662224650382996,0.021128575109507858,0.7853505679592636
0.9658328294754028,0.021386240659623808,0.7853505679592636
0.9643039107322693,0.021386240659623808,0.7880924402663533
0.9638928174972534,0.021643906209739758,0.7880924402663533
0.9631942510604858,0.021643906209739758,0.790442616529573
0.9631909132003784,0.021901571759855708,0.790442616529573
0.963045060634613,0.021901571759855708,0.790834312573443
0.9626557230949402,0.022159237309971658,0.790834312573443
0.9618272185325623,0.022159237309971658,0.7920094007050529
0.9617955684661865,0.022416902860087608,0.7920094007050529
0.9605996012687683,0.022416902860087608,0.7935761848805327
0.9602515697479248,0.022674568410203554,0.7935761848805327
0.9601077437400818,0.022674568410203554,0.7939678809244026
0.9592874646186829,0.023189899510435454,0.7939678809244026
0.9592058062553406,0.023189899510435454,0.7947512730121425
0.9589475989341736,0.023447565060551404,0.7947512730121425
0.9574804902076721,0.023447565060551404,0.7959263611437525
0.9574180841445923,0.023705230610667354,0.7959263611437525
0.9558375477790833,0.023705230610667354,0.7994516255385821
0.9558351635932922,0.023962896160783304,0.7994516255385821
0.9556248784065247,0.023962896160783304,0.8010184097140619
0.9549288749694824,0.024220561710899254,0.8010184097140619
0.9548051953315735,0.024220561710899254,0.8014101057579318
0.9543988108634949,0.0244782272610152,0.8014101057579318
0.9536414742469788,0.0244782272610152,0.8025851938895417
0.9535779356956482,0.0249935583612471,0.8025851938895417
0.9532982707023621,0.0249935583612471,0.8033685859772817
0.9527378678321838,0.02525122391136305,0.8033685859772817
0.952407717704773,0.02525122391136305,0.8041519780650216
0.9520783424377441,0.02576655501159495,0.8041519780650216
0.9510181546211243,0.02576655501159495,0.8049353701527615
0.9503932595252991,0.026281886111826847,0.8049353701527615
0.9501623511314392,0.026281886111826847,0.8057187622405013
0.9501218795776367,0.026539551661942797,0.8057187622405013
0.9493520855903625,0.026539551661942797,0.8065021543282412
0.948280394077301,0.027054882762174697,0.8065021543282412
0.9470983147621155,0.027054882762174697,0.8080689385037211
0.9468823671340942,0.027312548312290647,0.8080689385037211
0.9460746049880981,0.027312548312290647,0.809244026635331
0.9458951950073242,0.027570213862406597,0.809244026635331
0.9438136219978333,0.027570213862406597,0.8112025068546808
0.9436899423599243,0.027827879412522547,0.8112025068546808
0.9407135248184204,0.027827879412522547,0.8143360752056404
0.9402177929878235,0.028085544962638494,0.8143360752056404
0.9389828443527222,0.028085544962638494,0.8162945554249902
0.9388036727905273,0.028343210512754444,0.8162945554249902
0.9386412501335144,0.028343210512754444,0.8166862514688602
0.9382563233375549,0.028858541612986344,0.8166862514688602
0.9361996054649353,0.028858541612986344,0.8174696435566001
0.9359873533248901,0.029116207163102294,0.8174696435566001
0.9356958866119385,0.029116207163102294,0.81786133960047
0.9356756210327148,0.029373872713218244,0.81786133960047
0.9349942207336426,0.029373872713218244,0.8190364277320799
0.9334580898284912,0.03066220046379799,0.8190364277320799
0.9321243166923523,0.03066220046379799,0.8198198198198198
0.9315353631973267,0.03091986601391394,0.8198198198198198
0.9291305541992188,0.03091986601391394,0.8213866039952996
0.9279619455337524,0.03143519711414584,0.8213866039952996
0.9274263978004456,0.03143519711414584,0.8225616921269095
0.9273648858070374,0.03169286266426179,0.8225616921269095
0.923638641834259,0.03169286266426179,0.8256952604778691
0.923542857170105,0.03195052821437774,0.8256952604778691
0.9209344983100891,0.03195052821437774,0.827653740697219
0.9204264283180237,0.03220819376449369,0.827653740697219
0.9198868274688721,0.03220819376449369,0.8280454367410889
0.9190822243690491,0.03272352486472559,0.8280454367410889
0.9185522794723511,0.03272352486472559,0.8288288288288288
0.9184336066246033,0.03298119041484154,0.8288288288288288
0.9147351384162903,0.03298119041484154,0.8307873090481787
0.9141665697097778,0.03323885596495749,0.8307873090481787
0.9114260673522949,0.03323885596495749,0.8323540932236584
0.911213219165802,0.03349652151507344,0.8323540932236584
0.9109233021736145,0.03349652151507344,0.8327457892675284
0.9108145236968994,0.03375418706518939,0.8327457892675284
0.9107749462127686,0.03375418706518939,0.8331374853113983
0.9094130396842957,0.03426951816542129,0.8331374853113983
0.909138560295105,0.03426951816542129,0.8335291813552683
0.9087514877319336,0.03452718371553723,0.8335291813552683
0.9076680541038513,0.03452718371553723,0.8347042694868781
0.9073534607887268,0.03478484926565318,0.8347042694868781
0.9066227078437805,0.03478484926565318,0.8354876615746181
0.906396210193634,0.03504251481576913,0.8354876615746181
0.9063005447387695,0.03504251481576913,0.836271053662358
0.9040793776512146,0.03581551146611698,0.836271053662358
0.9009466767311096,0.03581551146611698,0.8378378378378378
0.900690495967865,0.03607317701623293,0.8378378378378378
0.9004284143447876,0.03607317701623293,0.8382295338817078
0.9003674387931824,0.03633084256634888,0.8382295338817078
0.8983830809593201,0.03633084256634888,0.8397963180571876
0.8980159163475037,0.03658850811646483,0.8397963180571876
0.8967607021331787,0.03658850811646483,0.8405797101449275
0.8964911699295044,0.03684617366658078,0.8405797101449275
0.895945131778717,0.03684617366658078,0.8409714061887975
0.8950059413909912,0.03761917031692863,0.8409714061887975
0.8892258405685425,0.03761917031692863,0.8437132784958872
0.8878573179244995,0.03813450141716052,0.8437132784958872
0.8854516744613647,0.03813450141716052,0.8448883666274971
0.8833016753196716,0.03864983251739242,0.8448883666274971
0.8814672231674194,0.03864983251739242,0.8460634547591069
0.881409227848053,0.03890749806750837,0.8460634547591069
0.8805628418922424,0.03890749806750837,0.8464551508029768
0.88022780418396,0.03916516361762432,0.8464551508029768
0.8755849599838257,0.03916516361762432,0.8480219349784567
0.8754554390907288,0.03942282916774027,0.8480219349784567
0.8721802830696106,0.03942282916774027,0.8495887191539365
0.8715423941612244,0.03968049471785622,0.8495887191539365
0.868439793586731,0.03968049471785622,0.8503721112416764
0.8668498396873474,0.04045349136820407,0.8503721112416764
0.8668034076690674,0.04045349136820407,0.8511555033294164
0.8652663826942444,0.04096882246843597,0.8511555033294164
0.8634821176528931,0.04096882246843597,0.8523305914610263
0.8626354932785034,0.04122648801855192,0.8523305914610263
0.8595883846282959,0.04122648801855192,0.853897375636506
0.8592590689659119,0.04148415356866787,0.853897375636506
0.8570635318756104,0.04148415356866787,0.855072463768116
0.856969952583313,0.041741819118783816,0.855072463768116
0.8567285537719727,0.041741819118783816,0.8554641598119859
0.856715202331543,0.041999484668899766,0.8554641598119859
0.8526952862739563,0.041999484668899766,0.8570309439874657
0.8490546345710754,0.042514815769131666,0.8570309439874657
0.8452053070068359,0.042514815769131666,0.8578143360752056
0.8394292593002319,0.043545477969595466,0.8578143360752056
0.8372306227684021,0.043545477969595466,0.8585977281629456
0.8355552554130554,0.044060809069827366,0.8585977281629456
0.8298566341400146,0.044060809069827366,0.8613396004700352
0.8250752091407776,0.044576140170059265,0.8613396004700352
0.8242350816726685,0.044576140170059265,0.8625146886016452
0.8239290118217468,0.044833805720175215,0.8625146886016452
0.8214472532272339,0.044833805720175215,0.863689776733255
0.8180811405181885,0.045091471270291165,0.863689776733255
0.8159084916114807,0.045091471270291165,0.8652565609087348
0.815366268157959,0.04534913682040711,0.8652565609087348
0.8125359416007996,0.04534913682040711,0.8660399529964747
0.8111056685447693,0.04586446792063901,0.8660399529964747
0.8103433847427368,0.04586446792063901,0.8664316490403446
0.8101174831390381,0.04612213347075496,0.8664316490403446
0.8073262572288513,0.04612213347075496,0.8672150411280846
0.8010534644126892,0.04741046122133471,0.8672150411280846
0.7994809150695801,0.04741046122133471,0.8676067371719546
0.7949394583702087,0.04792579232156661,0.8676067371719546
0.792523205280304,0.04792579232156661,0.8691735213474344
0.7902775406837463,0.04844112342179851,0.8691735213474344
0.7870105504989624,0.04844112342179851,0.8699569134351743
0.7855880260467529,0.04869878897191446,0.8699569134351743
0.7788777947425842,0.04869878897191446,0.8723070896983941
0.7764047980308533,0.0489564545220304,0.8723070896983941
0.7753785848617554,0.0489564545220304,0.8730904817861339
0.7743465900421143,0.04921412007214635,0.8730904817861339
0.774250864982605,0.04921412007214635,0.8734821778300039
0.7716270685195923,0.04972945117237825,0.8734821778300039
0.766771137714386,0.04972945117237825,0.8738738738738738
0.7657915949821472,0.05024478227261015,0.8738738738738738
0.7647348642349243,0.05024478227261015,0.8746572659616138
0.7637147307395935,0.051017778922958,0.8746572659616138
0.7635292410850525,0.051017778922958,0.8754406580493537
0.7633212804794312,0.05127544447307395,0.8754406580493537
0.7619171738624573,0.05127544447307395,0.8758323540932237
0.7590912580490112,0.05230610667353775,0.8758323540932237
0.7527152895927429,0.05230610667353775,0.8781825303564434
0.7512987852096558,0.052563772223653694,0.8781825303564434
0.7496041059494019,0.052563772223653694,0.8789659224441834
0.7409412264823914,0.053079103323885594,0.8789659224441834
0.7342713475227356,0.053079103323885594,0.8801410105757932
0.732634425163269,0.053336768874001544,0.8801410105757932
0.7320575714111328,0.053336768874001544,0.8805327066196631
0.7268058657646179,0.054625096624581294,0.8805327066196631
0.726678729057312,0.054625096624581294,0.8809244026635331
0.7255710363388062,0.054882762174697244,0.8809244026635331
0.7245638966560364,0.054882762174697244,0.881316098707403
0.7204930782318115,0.055655758825045094,0.881316098707403
0.7149428129196167,0.055655758825045094,0.8820994907951429
0.7138149738311768,0.055913424375161044,0.8820994907951429
0.7106298208236694,0.055913424375161044,0.8836662749706228
0.7097498178482056,0.05617108992527699,0.8836662749706228
0.7083227038383484,0.05617108992527699,0.8840579710144928
0.7078033089637756,0.05642875547539294,0.8840579710144928
0.7059080004692078,0.05642875547539294,0.8844496670583627
0.705602765083313,0.05668642102550889,0.8844496670583627
0.6965609192848206,0.05668642102550889,0.8864081472777124
0.6961677670478821,0.05694408657562484,0.8864081472777124
0.6898677945137024,0.05694408657562484,0.8875832354093224
0.6897704005241394,0.05720175212574079,0.8875832354093224
0.6892073154449463,0.05720175212574079,0.8883666274970623
0.6886303424835205,0.05745941767585674,0.8883666274970623
0.6812926530838013,0.05745941767585674,0.8895417156286721
0.6801548004150391,0.05771708322597269,0.8895417156286721
0.6771370768547058,0.05771708322597269,0.8899334116725421
0.6657502055168152,0.05874774542643649,0.8899334116725421
0.6656100749969482,0.05874774542643649,0.890325107716412
0.665016770362854,0.05900541097655244,0.890325107716412
0.6528120040893555,0.05900541097655244,0.891500195848022
0.6520557999610901,0.05926307652666839,0.891500195848022
0.6514740586280823,0.05926307652666839,0.8918918918918919
0.6512541770935059,0.05952074207678434,0.8918918918918919
0.6501675248146057,0.05952074207678434,0.8922835879357619
0.6478511691093445,0.06055140427724813,0.8922835879357619
0.6466606259346008,0.06055140427724813,0.8926752839796318
0.6421331167221069,0.06080906982736408,0.8926752839796318
0.6419408321380615,0.06080906982736408,0.8930669800235017
0.6413331031799316,0.06106673537748003,0.8930669800235017
0.6345546245574951,0.06106673537748003,0.8942420681551116
0.6240334510803223,0.06158206647771193,0.8942420681551116
0.6237584352493286,0.06158206647771193,0.8946337641989816
0.6190096139907837,0.06183973202782788,0.8946337641989816
0.6115273237228394,0.06183973202782788,0.8950254602428516
0.607408344745636,0.06235506312805978,0.8950254602428516
0.603628933429718,0.06235506312805978,0.8954171562867215
0.5937050580978394,0.06467405307910333,0.8954171562867215
0.5931844711303711,0.06467405307910333,0.8958088523305915
0.5887375473976135,0.06596238082968307,0.8958088523305915
0.5790169835090637,0.06596238082968307,0.8985507246376812
0.5781536102294922,0.06622004637979902,0.8985507246376812
0.5765861868858337,0.06622004637979902,0.8989424206815512
0.5728917121887207,0.06699304303014687,0.8989424206815512
0.5719767808914185,0.06699304303014687,0.8993341167254211
0.5655615925788879,0.06776603968049472,0.8993341167254211
0.5614818334579468,0.06776603968049472,0.9005092048570309
0.5526666641235352,0.06905436743107446,0.9005092048570309
0.5482681393623352,0.06905436743107446,0.9009009009009009
0.5442518591880798,0.06982736408142232,0.9009009009009009
0.5428445339202881,0.06982736408142232,0.9016842929886408
0.5318354368209839,0.07060036073177016,0.9016842929886408
0.5249855518341064,0.07060036073177016,0.9024676850763808
0.5228136777877808,0.07111569183200206,0.9024676850763808
0.5224719643592834,0.07111569183200206,0.9028593811202507
0.5214390754699707,0.07137335738211802,0.9028593811202507
0.5209794044494629,0.07137335738211802,0.9032510771641207
0.5173046588897705,0.07188868848234992,0.9032510771641207
0.511180579662323,0.07188868848234992,0.9044261652957305
0.5030195713043213,0.0729193506828137,0.9044261652957305
0.497954398393631,0.0729193506828137,0.9052095573834704
0.49606120586395264,0.07317701623292966,0.9052095573834704
0.49542859196662903,0.07317701623292966,0.9056012534273404
0.4953024983406067,0.0734346817830456,0.9056012534273404
0.4889572858810425,0.0734346817830456,0.9075597336466902
0.4888335168361664,0.07369234733316156,0.9075597336466902
0.4849853217601776,0.07369234733316156,0.9079514296905601
0.48066890239715576,0.07420767843339346,0.9079514296905601
0.4776947796344757,0.07420767843339346,0.9087348217783
0.4759417474269867,0.0744653439835094,0.9087348217783
0.47539079189300537,0.0744653439835094,0.90912651782217
0.45889824628829956,0.0760113372842051,0.90912651782217
0.45873743295669556,0.0760113372842051,0.9095182138660399
0.4570680260658264,0.07626900283432105,0.9095182138660399
0.45542705059051514,0.07626900283432105,0.9103016059537798
0.44012245535850525,0.0785879927853646,0.9103016059537798
0.43765372037887573,0.0785879927853646,0.9114766940853898
0.43681612610816956,0.07884565833548055,0.9114766940853898
0.4365292489528656,0.07884565833548055,0.9118683901292597
0.4273449778556824,0.07987632053594435,0.9118683901292597
0.42627525329589844,0.07987632053594435,0.9122600861731297
0.42267554998397827,0.08013398608606029,0.9122600861731297
0.4190269112586975,0.08013398608606029,0.9130434782608695
0.4130728542804718,0.08167997938675599,0.9130434782608695
0.41227033734321594,0.08167997938675599,0.9134351743047395
0.40501168370246887,0.08245297603710385,0.9134351743047395
0.4014746844768524,0.08245297603710385,0.9142185663924794
0.3947998881340027,0.08374130378768359,0.9142185663924794
0.3911769688129425,0.08374130378768359,0.9150019584802194
0.38809022307395935,0.08451430043803143,0.9150019584802194
0.3858882188796997,0.08451430043803143,0.9157853505679593
0.383781373500824,0.08477196598814739,0.9157853505679593
0.38303735852241516,0.08477196598814739,0.9161770466118292
0.36319082975387573,0.08709095593919093,0.9161770466118292
0.3630051016807556,0.08709095593919093,0.9165687426556992
0.36121782660484314,0.08734862148930687,0.9165687426556992
0.35444432497024536,0.08734862148930687,0.9173521347434391
0.35366958379745483,0.08760628703942283,0.9173521347434391
0.35359713435173035,0.08760628703942283,0.917743830787309
0.35057154297828674,0.08786395258953877,0.917743830787309
0.34950411319732666,0.08786395258953877,0.918918918918919
0.3450814187526703,0.08837928368977067,0.918918918918919
0.34081366658210754,0.08837928368977067,0.9193106149627889
0.3295927345752716,0.09044060809069827,0.9193106149627889
0.3295052945613861,0.09044060809069827,0.9197023110066588
0.32933956384658813,0.09069827364081422,0.9197023110066588
0.3288900554180145,0.09069827364081422,0.9200940070505288
0.3228597640991211,0.09147127029116207,0.9200940070505288
0.3213508427143097,0.09147127029116207,0.9208773991382687
0.31516098976135254,0.09198660139139397,0.9208773991382687
0.3140101432800293,0.09198660139139397,0.9212690951821386
0.3137977123260498,0.09224426694150992,0.9212690951821386
0.31239446997642517,0.09224426694150992,0.9216607912260086
0.300432950258255,0.09353259469208967,0.9216607912260086
0.2992042601108551,0.09353259469208967,0.9220524872698785
0.2966136038303375,0.09404792579232156,0.9220524872698785
0.2939346432685852,0.09404792579232156,0.9232275754014885
0.2938179671764374,0.09430559134243752,0.9232275754014885
0.29361844062805176,0.09430559134243752,0.9236192714453584
0.29072365164756775,0.09559391909301726,0.9236192714453584
0.28844326734542847,0.09559391909301726,0.9240109674892284
0.2880392074584961,0.09610925019324916,0.9240109674892284
0.28372108936309814,0.09610925019324916,0.9251860556208382
0.2815626561641693,0.09662458129348106,0.9251860556208382
0.2763812839984894,0.09662458129348106,0.9259694477085781
0.27612221240997314,0.09688224684359702,0.9259694477085781
0.27494552731513977,0.09688224684359702,0.926361143752448
0.2678270637989044,0.09817057459417676,0.926361143752448
0.2674691379070282,0.09817057459417676,0.9267528397963181
0.26349976658821106,0.0989435712445246,0.9267528397963181
0.2627352178096771,0.0989435712445246,0.927144535840188
0.26181498169898987,0.0994589023447565,0.927144535840188
0.2614661455154419,0.0994589023447565,0.927536231884058
0.25395673513412476,0.10126256119556815,0.927536231884058
0.25150614976882935,0.10126256119556815,0.9283196239717979
0.2503216862678528,0.10177789229580005,0.9283196239717979
0.2502506375312805,0.10177789229580005,0.9287113200156678
0.2447502762079239,0.10280855449626385,0.9287113200156678
0.2402733415365219,0.10280855449626385,0.9294947121034077
0.22718210518360138,0.1035815511466117,0.9294947121034077
0.22282414138317108,0.1035815511466117,0.9302781041911476
0.21926967799663544,0.1046122133470755,0.9302781041911476
0.21682989597320557,0.1046122133470755,0.9306698002350177
0.2143116593360901,0.10538520999742335,0.9306698002350177
0.21400590240955353,0.10538520999742335,0.9310614962788876
0.21277716755867004,0.10564287554753929,0.9310614962788876
0.21273718774318695,0.10564287554753929,0.9314531923227576
0.21229605376720428,0.10590054109765525,0.9314531923227576
0.21228863298892975,0.10590054109765525,0.9318448883666275
0.20945140719413757,0.10693120329811905,0.9318448883666275
0.20643728971481323,0.10693120329811905,0.9322365844104975
0.20269037783145905,0.10796186549858285,0.9322365844104975
0.20101889967918396,0.10796186549858285,0.9330199764982373
0.20096616446971893,0.10821953104869879,0.9330199764982373
0.19978109002113342,0.10821953104869879,0.9334116725421073
0.19924141466617584,0.10873486214893069,0.9334116725421073
0.1968846321105957,0.10873486214893069,0.9338033685859772
0.19685600697994232,0.10899252769904663,0.9338033685859772
0.19675350189208984,0.10899252769904663,0.9341950646298472
0.18672135472297668,0.11156918320020613,0.9341950646298472
0.1856101006269455,0.11156918320020613,0.9349784567175872
0.1849949210882187,0.11208451430043803,0.9349784567175872
0.18487481772899628,0.11208451430043803,0.9353701527614571
0.18270717561244965,0.11311517650090183,0.9353701527614571
0.1822967529296875,0.11311517650090183,0.936153544849197
0.179269939661026,0.11414583870136563,0.936153544849197
0.17911970615386963,0.11414583870136563,0.936545240893067
0.17075778543949127,0.11620716310229322,0.936545240893067
0.1694517284631729,0.11620716310229322,0.9369369369369369
0.16806651651859283,0.11723782530275702,0.9369369369369369
0.16804489493370056,0.11723782530275702,0.9373286329808069
0.1677744835615158,0.11749549085287297,0.9373286329808069
0.16728584468364716,0.11749549085287297,0.9377203290246768
0.1605510115623474,0.12161813965472816,0.9377203290246768
0.1597667932510376,0.12161813965472816,0.9381120250685469
0.15972889959812164,0.12187580520484412,0.9381120250685469
0.1583099365234375,0.12187580520484412,0.9385037211124168
0.15284164249897003,0.12316413295542386,0.9385037211124168
0.15235187113285065,0.12316413295542386,0.9388954171562868
0.15145504474639893,0.1234217985055398,0.9388954171562868
0.15134118497371674,0.1234217985055398,0.9392871132001567
0.1466589719057083,0.1244524607060036,0.9392871132001567
0.14665664732456207,0.1244524607060036,0.9396788092440266
0.14617542922496796,0.12522545735635146,0.9396788092440266
0.14608994126319885,0.12522545735635146,0.9400705052878966
0.14456985890865326,0.1254831229064674,0.9400705052878966
0.14454509317874908,0.1254831229064674,0.9404622013317665
0.14019852876663208,0.1265137851069312,0.9404622013317665
0.13813114166259766,0.1265137851069312,0.9416372894633764
0.13639619946479797,0.127544447307395,0.9416372894633764
0.13610033690929413,0.127544447307395,0.9420289855072463
0.13541385531425476,0.12831744395774286,0.9420289855072463
0.13523975014686584,0.12831744395774286,0.9428123775949863
0.13037647306919098,0.1306364339087864,0.9428123775949863
0.13024400174617767,0.1306364339087864,0.9432040736388563
0.12935270369052887,0.1311517650090183,0.9432040736388563
0.1292388141155243,0.1311517650090183,0.9435957696827262
0.12895745038986206,0.1316670961092502,0.9435957696827262
0.1280544102191925,0.1316670961092502,0.9439874657265962
0.12543679773807526,0.132697758309714,0.9439874657265962
0.12482275813817978,0.132697758309714,0.9443791617704661
0.1223115548491478,0.1342437516104097,0.9443791617704661
0.12221212685108185,0.1342437516104097,0.9447708578143361
0.11880967020988464,0.1352744138108735,0.9447708578143361
0.11806998401880264,0.1352744138108735,0.945162553858206
0.11672963947057724,0.13604741046122135,0.945162553858206
0.11647055298089981,0.13604741046122135,0.9459459459459459
0.11568886786699295,0.1363050760113373,0.9459459459459459
0.11477568000555038,0.1363050760113373,0.9463376419898158
0.11319102346897125,0.13682040711156918,0.9463376419898158
0.11245071887969971,0.13682040711156918,0.9467293380336859
0.11064291000366211,0.13810873486214892,0.9467293380336859
0.11048240214586258,0.13810873486214892,0.9471210340775558
0.10947838425636292,0.13862406596238083,0.9471210340775558
0.10899139195680618,0.13862406596238083,0.9475127301214258
0.1077069565653801,0.13913939706261272,0.9475127301214258
0.10621298849582672,0.13913939706261272,0.9482961222091657
0.10430753231048584,0.13965472816284463,0.9482961222091657
0.10384427756071091,0.13965472816284463,0.9486878182530356
0.09903629124164581,0.14248904921412006,0.9486878182530356
0.09857841581106186,0.14248904921412006,0.9490795142969056
0.0969354510307312,0.14326204586446792,0.9490795142969056
0.09684975445270538,0.14326204586446792,0.9494712103407755
0.09680154174566269,0.14351971141458386,0.9494712103407755
0.09629687666893005,0.14351971141458386,0.9498629063846455
0.09315367043018341,0.14506570471527958,0.9498629063846455
0.09241119027137756,0.14506570471527958,0.9506462984723855
0.08950389176607132,0.1458387013656274,0.9506462984723855
0.08892916142940521,0.1458387013656274,0.9510379945162554
0.08500417321920395,0.14867302241690286,0.9510379945162554
0.08473644405603409,0.14867302241690286,0.9514296905601254
0.08013737946748734,0.1535686678691059,0.9514296905601254
0.0788288488984108,0.1535686678691059,0.9529964747356052
0.07862190157175064,0.1540839989693378,0.9529964747356052
0.07856879383325577,0.1540839989693378,0.9533881707794751
0.07770508527755737,0.1545993300695697,0.9533881707794751
0.07749781012535095,0.1545993300695697,0.953779866823345
0.076767198741436,0.15485699561968566,0.953779866823345
0.07635457813739777,0.15485699561968566,0.954171562867215
0.07395924627780914,0.1566606544704973,0.954171562867215
0.07357140630483627,0.1566606544704973,0.954563258911085
0.07277022302150726,0.1576913166709611,0.954563258911085
0.07270742952823639,0.1576913166709611,0.954954954954955
0.07162759453058243,0.1587219788714249,0.954954954954955
0.07081501185894012,0.1587219788714249,0.9561300430865648
0.07081318646669388,0.15897964442154083,0.9561300430865648
0.07063549757003784,0.15897964442154083,0.9565217391304348
0.07032617926597595,0.15923730997165678,0.9565217391304348
0.06965982913970947,0.15923730997165678,0.9569134351743047
0.06886789947748184,0.16001030662200463,0.9569134351743047
0.06883542984724045,0.16001030662200463,0.9573051312181747
0.0587732307612896,0.16877093532594692,0.9573051312181747
0.058159127831459045,0.16877093532594692,0.9580885233059147
0.05698901787400246,0.16980159752641072,0.9580885233059147
0.0559094063937664,0.16980159752641072,0.9584802193497846
0.05163091421127319,0.17366658077814995,0.9584802193497846
0.05084182322025299,0.17366658077814995,0.9588719153936546
0.04907616227865219,0.1744395774284978,0.9588719153936546
0.04870077595114708,0.1744395774284978,0.9592636114375245
0.04780591279268265,0.1754702396289616,0.9592636114375245
0.04738358408212662,0.1754702396289616,0.9604386995691343
0.04581669718027115,0.17675856737954135,0.9604386995691343
0.04551033675670624,0.17675856737954135,0.9608303956130043
0.04540647938847542,0.17727389847977326,0.9608303956130043
0.0449235625565052,0.17727389847977326,0.9612220916568742
0.042156070470809937,0.18088121618139655,0.9612220916568742
0.041641637682914734,0.18088121618139655,0.9616137877007442
0.040549665689468384,0.1821695439319763,0.9616137877007442
0.040250055491924286,0.1821695439319763,0.9620054837446141
0.0395100899040699,0.18294254058232415,0.9620054837446141
0.03921784833073616,0.18294254058232415,0.9623971797884842
0.03791810944676399,0.18551919608348363,0.9623971797884842
0.037850067019462585,0.18551919608348363,0.9627888758323541
0.03708072751760483,0.1862921927338315,0.9627888758323541
0.03678733855485916,0.1862921927338315,0.9631805718762241
0.036458101123571396,0.18706518938417935,0.9631805718762241
0.03627437353134155,0.18706518938417935,0.963572267920094
0.03394097462296486,0.18912651378510692,0.963572267920094
0.03364240378141403,0.18912651378510692,0.963963963963964
0.03338171914219856,0.18989951043545478,0.963963963963964
0.033372700214385986,0.18989951043545478,0.9643556600078339
0.03148718550801277,0.19324916258696212,0.9643556600078339
0.03143862262368202,0.19324916258696212,0.9647473560517039
0.03038128651678562,0.19608348363823758,0.9647473560517039
0.030352609232068062,0.19608348363823758,0.9651390520955738
0.03021957539021969,0.19634114918835352,0.9651390520955738
0.030069343745708466,0.19634114918835352,0.9655307481394438
0.030035220086574554,0.19659881473846946,0.9655307481394438
0.029800407588481903,0.19659881473846946,0.9659224441833137
0.029501499608159065,0.19737181138881732,0.9659224441833137
0.02935563027858734,0.19737181138881732,0.9663141402271838
0.029152773320674896,0.1978871424890492,0.9663141402271838
0.02900063619017601,0.1978871424890492,0.9667058362710537
0.028355728834867477,0.19917547023962895,0.9667058362710537
0.02801320143043995,0.19917547023962895,0.9670975323149236
0.02798447571694851,0.19943313578974492,0.9670975323149236
0.027797246351838112,0.19943313578974492,0.9674892283587936
0.02721870318055153,0.1999484668899768,0.9674892283587936
0.026963379234075546,0.1999484668899768,0.9682726204465335
0.026533229276537895,0.20175212574078846,0.9682726204465335
0.026464900001883507,0.20175212574078846,0.9686643164904034
0.025865724310278893,0.20329811904148415,0.9686643164904034
0.025853987783193588,0.20329811904148415,0.9690560125342734
0.025752156972885132,0.2035557845916001,0.9690560125342734
0.02532641775906086,0.2035557845916001,0.9694477085781433
0.025246601551771164,0.204071115691832,0.9694477085781433
0.02509274333715439,0.204071115691832,0.9698394046220133
0.024716991931200027,0.20432878124194795,0.9698394046220133
0.02450132742524147,0.20432878124194795,0.9702311006658833
0.023656023666262627,0.20587477454264363,0.9702311006658833
0.02362167462706566,0.20587477454264363,0.9706227967097533
0.023337800055742264,0.20742076784333935,0.9706227967097533
0.02316948212683201,0.20742076784333935,0.9710144927536232
0.023113930597901344,0.2076784333934553,0.9710144927536232
0.023084731772542,0.2076784333934553,0.9714061887974932
0.022382298484444618,0.2097397577943829,0.9714061887974932
0.022247087210416794,0.2097397577943829,0.9717978848413631
0.021904844790697098,0.21051275444473075,0.9717978848413631
0.021877456456422806,0.21051275444473075,0.9721895808852331
0.021726291626691818,0.21154341664519455,0.9721895808852331
0.021609174087643623,0.21154341664519455,0.972972972972973
0.019345451146364212,0.21643906209739758,0.972972972972973
0.01931118406355381,0.21643906209739758,0.9733646690168429
0.018907401710748672,0.21772738984797732,0.9733646690168429
0.018898621201515198,0.21772738984797732,0.9737563650607128
0.01796122081577778,0.22081937644936872,0.9737563650607128
0.01786034181714058,0.22081937644936872,0.9741480611045829
0.01778252050280571,0.22107704199948466,0.9741480611045829
0.017691759392619133,0.22107704199948466,0.9749314531923228
0.017257990315556526,0.22159237309971658,0.9749314531923228
0.017131317406892776,0.22159237309971658,0.9753231492361927
0.016937674954533577,0.2223653697500644,0.9753231492361927
0.016897032037377357,0.2223653697500644,0.9757148452800627
0.01669418439269066,0.22288070085029632,0.9757148452800627
0.01648692972958088,0.22288070085029632,0.9764982373678026
0.016439931467175484,0.22365369750064418,0.9764982373678026
0.01639234833419323,0.22365369750064418,0.9768899334116725
0.016302745789289474,0.22416902860087606,0.9768899334116725
0.016210664063692093,0.22416902860087606,0.9776733254994124
0.01618475280702114,0.224426694150992,0.9776733254994124
0.016033675521612167,0.224426694150992,0.9780650215432825
0.015494043938815594,0.2264880185519196,0.9780650215432825
0.015409757383167744,0.2264880185519196,0.9784567175871524
0.014980794861912727,0.2285493429528472,0.9784567175871524
0.014941168017685413,0.2285493429528472,0.9788484136310224
0.01474025845527649,0.2290646740530791,0.9788484136310224
0.014644045382738113,0.2290646740530791,0.9792401096748923
0.013973758555948734,0.2321566606544705,0.9792401096748923
0.013908740133047104,0.2321566606544705,0.9796318057187623
0.012139705009758472,0.23782530275702138,0.9796318057187623
0.012112573720514774,0.23782530275702138,0.9800235017626322
0.011137111112475395,0.24091728935841278,0.9800235017626322
0.011090350337326527,0.24091728935841278,0.9804151978065021
0.010416682809591293,0.24426694150992012,0.9804151978065021
0.010122372768819332,0.24426694150992012,0.9808068938503721
0.008206669241189957,0.255346560164906,0.9808068938503721
0.008131658658385277,0.255346560164906,0.981198589894242
0.007239290047436953,0.26049987116722495,0.981198589894242
0.007238809950649738,0.26049987116722495,0.981590285938112
0.0069030593149363995,0.26281886111826847,0.981590285938112
0.006784611847251654,0.26281886111826847,0.9819819819819819
0.006760967895388603,0.26307652666838444,0.9819819819819819
0.006754742935299873,0.26307652666838444,0.982373678025852
0.006113879848271608,0.26874516877093535,0.982373678025852
0.006113337352871895,0.26874516877093535,0.9827653740697219
0.006098385900259018,0.26926049987116724,0.9827653740697219
0.006077159196138382,0.26926049987116724,0.9831570701135919
0.006041537504643202,0.2697758309713991,0.9831570701135919
0.006027759984135628,0.2697758309713991,0.9835487661574618
0.00513986824080348,0.27750579747487764,0.9835487661574618
0.005119089502841234,0.27750579747487764,0.9839404622013318
0.004623700864613056,0.2836897706776604,0.9839404622013318
0.0046189939603209496,0.2836897706776604,0.9843321582452017
0.004471354186534882,0.2867817572790518,0.9843321582452017
0.004441449418663979,0.2867817572790518,0.9851155503329416
0.00441974401473999,0.2872970883792837,0.9851155503329416
0.004399899393320084,0.2872970883792837,0.9855072463768116
0.004355145618319511,0.2878124194795156,0.9855072463768116
0.004347718320786953,0.2878124194795156,0.9858989424206815
0.004095906857401133,0.29064674053079104,0.9858989424206815
0.004095078445971012,0.29064674053079104,0.9862906384645516
0.00397324888035655,0.2934810615820665,0.9862906384645516
0.003959004767239094,0.2934810615820665,0.9866823345084215
0.0039005079306662083,0.2939963926822984,0.9866823345084215
0.0038915793411433697,0.2939963926822984,0.9870740305522914
0.0038221084978431463,0.29502705488276215,0.9870740305522914
0.0038214223459362984,0.29502705488276215,0.9874657265961614
0.0036257689353078604,0.2973460448338057,0.9874657265961614
0.003607481485232711,0.2973460448338057,0.9878574226400313
0.003578878939151764,0.2976037103839217,0.9878574226400313
0.0035582862328737974,0.2976037103839217,0.9882491186839013
0.0033650624100118876,0.29966503478484924,0.9882491186839013
0.003360408591106534,0.29966503478484924,0.9886408147277712
0.003040795912966132,0.306106673537748,0.9886408147277712
0.003039523959159851,0.306106673537748,0.9890325107716412
0.0029259223956614733,0.3076526668384437,0.9890325107716412
0.0029134596697986126,0.3076526668384437,0.9894242068155111
0.0028403575997799635,0.30945632568925535,0.9894242068155111
0.002838200656697154,0.30945632568925535,0.9898159028593811
0.0023135209921747446,0.3207936098943571,0.9898159028593811
0.0023090094327926636,0.3207936098943571,0.990207598903251
0.0019548609852790833,0.33084256634887915,0.990207598903251
0.0019513487350195646,0.33084256634887915,0.9905992949471211
0.0017934528877958655,0.33496521515073435,0.9905992949471211
0.0017898132791742682,0.33496521515073435,0.991382687034861
0.0014254506677389145,0.34759082710641587,0.991382687034861
0.0014236851129680872,0.34759082710641587,0.9917743830787309
0.0013431330444291234,0.35274413810873484,0.9917743830787309
0.001322063966654241,0.35274413810873484,0.9921660791226009
0.0012353279162198305,0.3566091213604741,0.9921660791226009
0.0012308600125834346,0.3566091213604741,0.9925577751664708
0.001099744695238769,0.3617624323627931,0.9925577751664708
0.0010977067286148667,0.3617624323627931,0.9929494712103408
0.0010153938783332705,0.367431074465344,0.9929494712103408
0.001014572917483747,0.367431074465344,0.9933411672542107
0.000793528335634619,0.3805720175212574,0.9933411672542107
0.0007898034527897835,0.3805720175212574,0.9937328632980806
0.0005019954405725002,0.41355320793609895,0.9937328632980806
0.0005016791983507574,0.41355320793609895,0.9941245593419507
0.000407724262913689,0.4254058232414326,0.9941245593419507
0.0004067981499247253,0.4254058232414326,0.9945162553858206
0.00031542821670882404,0.4424117495490853,0.9945162553858206
0.0003132761048618704,0.4424117495490853,0.9949079514296906
0.000264251691987738,0.4514300438031435,0.9949079514296906
0.0002628621004987508,0.4514300438031435,0.9952996474735605
0.0002616214915178716,0.45168770935325947,0.9952996474735605
0.00025953532895073295,0.45168770935325947,0.9956913435174305
0.00019507949764374644,0.4704972945117238,0.9956913435174305
0.0001946662669070065,0.4704972945117238,0.9960830395613004
0.00018958956934511662,0.47178562226230353,0.9960830395613004
0.00018894154345616698,0.47178562226230353,0.9964747356051704
0.00018107231881003827,0.4741046122133471,0.9964747356051704
0.00018085750343743712,0.4741046122133471,0.9968664316490403
0.00011878173245349899,0.49909817057459416,0.9968664316490403
0.00011859115329571068,0.49909817057459416,0.9972581276929103
9.822670836001635e-05,0.510435454779696,0.9972581276929103
9.741044050315395e-05,0.510435454779696,0.9976498237367802
2.3313132260227576e-05,0.6029373872713218,0.9976498237367802
2.3147005776991136e-05,0.6029373872713218,0.9980415197806503
1.935615364345722e-05,0.6158206647771193,0.9980415197806503
1.917585905175656e-05,0.6158206647771193,0.9984332158245202
1.3018631761951838e-05,0.638237567637207,0.9984332158245202
1.2997901649214327e-05,0.638237567637207,0.9988249118683902
1.2581565897562541e-05,0.6408142231383664,0.9988249118683902
1.2567620615300257e-05,0.6408142231383664,0.9992166079122601
1.0342984751332551e-05,0.6516361762432363,0.9992166079122601
1.032869204209419e-05,0.6516361762432363,0.9996083039561301
8.789407729636878e-06,0.6609121360474105,0.9996083039561301
8.769747182668652e-06,0.6609121360474105,1.0
5.054129337267455e-10,0.9708837928368977,1.0
5.046663642538363e-10,0.9713991239371296,1.0
1.0649042473179893e-16,1.0,1.0
